query_id,subject_id,identity,alignment length,mismatches,gap,q.start,q.end,s.start,s.end,e-value,bit score
XP_003658326.1,QCD77328.1 GH36: Glycoside Hydrolases (GHs) ,52.5,120,53,1,48,167,747,862,1.7e-26,123.6
XP_003658327.1,AEO53082.1 GH2: Glycoside Hydrolases (GHs) ,100.0,855,0,0,1,855,1,855,0.0,1791.5
XP_003658329.1,VUW51410.1 GT4: GlycosylTransferases (GTs) ,50.7,207,89,5,75,280,493,687,3.7e-46,189.5
XP_003658332.1,QCD77328.1 GH36: Glycoside Hydrolases (GHs) ,43.1,153,82,2,29,181,748,895,2.6e-28,129.0
XP_003658346.1,AAF79504.1 GH36: Glycoside Hydrolases (GHs) AAF79504.1: Auxiliary Activities (AAs) ,43.4,145,81,1,580,723,995,1139,2.7e-21,107.5
XP_003658353.1,AEO53108.1 GH0: Glycoside Hydrolases (GHs) ,100.0,628,0,0,1,628,1,628,0.0,1285.0
XP_003658360.1,AEO53115.1 GT2: GlycosylTransferases (GTs) ,100.0,501,0,0,1,501,1,501,2.7e-307,1057.0
XP_003658377.1,AEO53132.1 GH79: Glycoside Hydrolases (GHs) ,100.0,370,0,0,1,370,1,370,1.2e-222,775.4
XP_003658392.1,AEO53147.1 GH37: Glycoside Hydrolases (GHs) ,100.0,694,0,0,1,694,1,694,0.0,1417.9
XP_003658420.1,AEO53175.1 GH5_24: Glycoside Hydrolases (GHs) ,100.0,420,0,0,1,420,1,420,6.200000000000001e-249,862.8
XP_003658447.1,QKD62991.1 GH12: Glycoside Hydrolases (GHs) ,52.6,38,18,0,1,38,1624,1661,1.7e-05,52.4
XP_003658504.1,AEO53259.1 GH47: Glycoside Hydrolases (GHs) ,100.0,1113,0,0,1,1113,1,1113,0.0,2233.4
XP_003658516.1,QBZ56101.1 GH18: Glycoside Hydrolases (GHs) ,69.0,887,192,11,15,895,344,1153,0.0,1134.8
XP_003658519.1,QKX62037.1 GT34: GlycosylTransferases (GTs) ,61.2,152,57,1,21,170,646,797,3.4e-52,208.0
XP_003658549.1,BAC83070.1 GH17: Glycoside Hydrolases (GHs) CBM43: Carbohydrate-Binding Modules (CBMs) ,41.4,128,71,2,32,159,523,646,1.8e-19,99.4
XP_003658560.1,AIT83212.1 GT4: GlycosylTransferases (GTs) ,73.5,302,78,2,388,688,13,313,2.6e-122,443.0
XP_003658566.1,QKX53525.1 AA1: Auxiliary Activities (AAs) ,56.0,441,177,3,81,519,594,1019,1.7e-138,496.5
XP_003658571.1,AEO53326.1 GT90: GlycosylTransferases (GTs) ,100.0,962,0,0,1,962,1,962,0.0,1930.2
XP_003658572.1,AEO53327.1 GH18: Glycoside Hydrolases (GHs) ,100.0,351,0,0,1,351,1,351,2.3e-204,714.5
XP_003658595.1,CUI24525.1 GH19: Glycoside Hydrolases (GHs) ,52.7,283,124,5,10,287,19,296,1.1e-65,254.6
XP_003658605.1,QKX61286.1 AA1: Auxiliary Activities (AAs) ,56.1,155,67,1,9,163,24,177,2.4e-50,201.8
XP_003658606.1,SPT17614.1 CBM32: Carbohydrate-Binding Modules (CBMs) ,43.3,210,104,5,117,321,192,391,1.1e-41,174.5
XP_003658626.1,SMY24715.1 CE16: Carbohydrate Esterases (CEs) ,50.0,178,80,5,6,182,1,170,1.2e-39,166.4
XP_003658636.1,QKX64719.1 GT31: GlycosylTransferases (GTs) ,49.7,517,224,11,32,527,25,526,7.599999999999999e-135,484.2
XP_003658644.1,QDK56813.1 GH28: Glycoside Hydrolases (GHs) ,70.3,128,37,1,53,180,500,626,1.8e-43,179.1
XP_003658653.1,AEO53408.1 GT62: GlycosylTransferases (GTs) ,100.0,373,0,0,1,373,1,373,1.7e-218,761.5
XP_003658657.1,AEO53412.1 GH125: Glycoside Hydrolases (GHs) ,100.0,756,0,0,1,756,1,756,0.0,1355.1
XP_003658658.1,QKX55219.1 GH27: Glycoside Hydrolases (GHs) ,51.5,722,270,11,19,716,871,1536,1.3e-196,689.9
XP_003658666.1,QKD62991.1 GH12: Glycoside Hydrolases (GHs) ,41.9,270,151,5,1065,1333,1396,1660,3.1e-52,211.1
XP_003658669.1,QDS71450.1 GH47: Glycoside Hydrolases (GHs) ,41.4,319,171,7,14,316,1038,1356,5.3e-64,248.4
XP_003658675.1,AEO53430.1 GH16_18: Glycoside Hydrolases (GHs) ,100.0,424,0,0,1,424,1,424,2.9e-222,774.2
XP_003658679.1,QKX54493.1 GH31: Glycoside Hydrolases (GHs) ,46.2,65,35,0,328,392,310,374,6.1e-07,59.3
XP_003658680.1,AEO53435.1 GH20: Glycoside Hydrolases (GHs) ,100.0,582,0,0,1,582,1,582,0.0,1200.3
XP_003658684.1,AWP09643.1 GT27: GlycosylTransferases (GTs) CBM13: Carbohydrate-Binding Modules (CBMs) ,50.4,397,188,5,26,418,574,965,2e-108,396.4
XP_003658694.1,ARA93149.1 CE15: Carbohydrate Esterases (CEs) ,47.0,396,187,9,29,424,454,826,2.2e-84,316.2
XP_003658695.1,VDC69778.1 CE8: Carbohydrate Esterases (CEs) ,42.9,643,323,14,152,783,656,1265,1.1e-129,467.6
XP_003658700.1,AEO53455.1 GT57: GlycosylTransferases (GTs) ,100.0,594,0,0,1,594,1,594,0.0,1202.6
XP_003658713.1,CAB4082109.1 GT31: GlycosylTransferases (GTs) ,55.7,192,84,1,1,192,452,642,2.1e-58,228.8
XP_003658722.1,CZS76611.1 AA2: Auxiliary Activities (AAs) ,75.4,357,84,3,1,354,1,356,4.3e-158,560.8
XP_003658726.1,AEO53481.1 GT109: GlycosylTransferases (GTs) ,100.0,482,0,0,1,482,1,482,3.5e-280,966.8
XP_003658732.1,AEO53487.1 GH47: Glycoside Hydrolases (GHs) ,100.0,808,0,0,1,808,1,808,0.0,1611.7
XP_003658743.1,AEO53498.1 AA5_1: Auxiliary Activities (AAs) ,100.0,988,0,0,1,988,1,988,0.0,2074.3
XP_003658765.1,QHN76219.1 GT2: GlycosylTransferases (GTs) ,40.2,92,31,2,94,169,72,155,2.3e-06,57.4
XP_003658767.1,AEO53522.1 GH7: Glycoside Hydrolases (GHs) ,100.0,456,0,0,1,456,1,456,4.5e-277,956.4
XP_003658813.1,EDJ94650.1 CBM1: Carbohydrate-Binding Modules (CBMs) ,46.4,261,137,2,1,260,1,259,5.8e-62,241.1
XP_003658814.1,AEO53569.1 GH51: Glycoside Hydrolases (GHs) ,100.0,654,0,0,1,654,1,654,0.0,1293.9
XP_003658823.1,VUW72999.1 AA1: Auxiliary Activities (AAs) ,41.1,280,157,4,163,435,176,454,1.7e-47,193.7
XP_003658829.1,AWP02669.1 GH47: Glycoside Hydrolases (GHs) ,55.7,115,51,0,1,115,57,171,8.199999999999999e-35,149.8
XP_003658856.1,VBB72362.1 AA0: Auxiliary Activities (AAs) ,58.8,364,133,7,35,393,26,377,1.6e-108,396.4
XP_003658864.1,AWK41296.1 GT51: GlycosylTransferases (GTs) ,54.5,231,100,4,51,278,5,233,1.6e-67,259.6
XP_003658866.1,QDS71101.1 GT1: GlycosylTransferases (GTs) ,51.9,672,309,7,103,765,1440,2106,1.9e-188,662.9
XP_003658875.1,AEO53630.1 GH31: Glycoside Hydrolases (GHs) ,100.0,993,0,0,1,993,1,993,0.0,2057.0
XP_003658879.1,CCA69719.1 GH43_13: Glycoside Hydrolases (GHs) ,58.1,93,34,2,1,88,1,93,2.4e-18,97.4
XP_003658889.1,AEO70525.1 GH36: Glycoside Hydrolases (GHs) ,61.5,195,71,4,1,193,1,193,1.6e-61,239.2
XP_003658890.1,AEO53645.1 GH36: Glycoside Hydrolases (GHs) ,100.0,605,0,0,1,605,1,605,0.0,1225.7
XP_003658907.1,AEO53662.1 AA6: Auxiliary Activities (AAs) ,100.0,205,0,0,1,205,1,205,2.2e-114,414.8
XP_003658911.1,QBZ63745.1 GH43_11: Glycoside Hydrolases (GHs) ,41.6,406,219,9,21,422,625,1016,1.5e-75,287.0
XP_003658915.1,AEO53670.1 GH26: Glycoside Hydrolases (GHs) CBM35: Carbohydrate-Binding Modules (CBMs) ,100.0,482,0,0,1,482,1,482,1.6e-285,984.6
XP_003658922.1,QAT16263.1 GH2: Glycoside Hydrolases (GHs) GT5: GlycosylTransferases (GTs) ,41.0,100,58,1,66,164,37862,37961,1.2e-12,77.8
XP_003658926.1,QGI94678.1 CE16: Carbohydrate Esterases (CEs) ,40.6,303,176,3,68,368,348,648,1.9e-63,246.5
XP_003658930.1,SMY27695.1 GH43_21: Glycoside Hydrolases (GHs) ,54.0,535,212,3,65,599,44,544,2e-155,552.7
XP_003658934.1,SMR52966.1 CE16: Carbohydrate Esterases (CEs) ,41.5,176,79,6,5,178,8,161,1.3e-25,119.8
XP_003658937.1,QKD52161.1 GH28: Glycoside Hydrolases (GHs) ,57.1,35,15,0,9,43,446,480,0.0002,51.2
XP_003658958.1,QKD61617.1 CE3: Carbohydrate Esterases (CEs) ,45.5,517,267,10,36,543,1110,1620,6.4e-113,411.4
XP_003658966.1,AEO53721.1 AA11: Auxiliary Activities (AAs) ,100.0,188,0,0,1,188,1,188,3.9e-110,400.6
XP_003658976.1,AEO53731.1 GH2: Glycoside Hydrolases (GHs) ,100.0,1080,0,0,1,1080,1,1080,0.0,2228.4
XP_003658980.1,AEO53735.1 GT20: GlycosylTransferases (GTs) ,100.0,905,0,0,1,905,1,905,0.0,1833.5
XP_003658983.1,EAA65758.1 GH133: Glycoside Hydrolases (GHs) ,46.9,831,378,14,22,825,1572,2366,3e-194,682.2
XP_003659002.1,AEO53757.1 GH13: Glycoside Hydrolases (GHs) ,100.0,336,0,0,1,336,1,336,3.7e-204,713.8
XP_003659003.1,CAC9928513.1 GH0: Glycoside Hydrolases (GHs) ,51.3,261,121,3,18,273,14,273,3.6e-71,273.1
XP_003659014.1,AEO53769.1 GH5_5: Glycoside Hydrolases (GHs) CBM1: Carbohydrate-Binding Modules (CBMs) ,100.0,389,0,0,1,389,1,389,8.699999999999999e-221,769.2
XP_003659020.1,XP_003718292.1 GH55: Glycoside Hydrolases (GHs) ,66.7,45,15,0,1,45,202,246,7.2e-10,65.9
XP_003659021.1,XP_003718292.1 GH55: Glycoside Hydrolases (GHs) ,44.0,75,41,1,150,223,22,96,5.7e-09,65.1
XP_003659036.1,XP_003660923.1 AA3_2: Auxiliary Activities (AAs) ,61.0,146,55,2,1,146,219,362,1e-44,183.0
XP_003659040.1,AEO53795.1 GH133: Glycoside Hydrolases (GHs) ,100.0,1573,0,0,1,1573,1,1573,0.0,3236.4
XP_003659079.1,XP_003652516.1 GH131: Glycoside Hydrolases (GHs) ,72.4,293,81,0,1,293,1,293,7.7e-121,436.8
XP_003659137.1,AEO53892.1 GH3: Glycoside Hydrolases (GHs) ,100.0,884,0,0,1,884,1,884,0.0,1785.0
XP_003659144.1,AEO53899.1 GT1: GlycosylTransferases (GTs) ,100.0,1353,0,0,1,1353,1,1353,0.0,2338.5
XP_003659150.1,AEO53905.1 GT22: GlycosylTransferases (GTs) ,100.0,660,0,0,1,660,1,660,0.0,1151.3
XP_003659151.1,QHO46828.1 GH38: Glycoside Hydrolases (GHs) ,54.4,57,26,0,292,348,225,281,2.6e-10,70.5
XP_003659163.1,AEO53918.1 GT17: GlycosylTransferases (GTs) ,100.0,357,0,0,1,357,1,357,2.8e-218,760.8
XP_003659173.1,CCA15473.1 GH72: Glycoside Hydrolases (GHs) ,52.4,391,178,5,1,388,565,950,3.1e-101,372.1
XP_003659213.1,AEO53968.1 GH38: Glycoside Hydrolases (GHs) ,100.0,1084,0,0,1,1084,1,1084,0.0,2241.1
XP_003659227.1,CAC9909034.1 GT8: GlycosylTransferases (GTs) ,73.7,342,89,1,1,342,382,722,8.1e-138,493.4
XP_003659255.1,QDY64813.1 GH18: Glycoside Hydrolases (GHs) CBM50: Carbohydrate-Binding Modules (CBMs) ,57.5,214,77,2,37,250,60,259,2.7e-59,232.3
XP_003659316.1,AEO54071.1 GH47: Glycoside Hydrolases (GHs) ,100.0,605,0,0,1,605,1,605,0.0,1226.8
XP_003659322.1,QDS74481.1 CBM12: Carbohydrate-Binding Modules (CBMs) ,45.5,613,278,14,9,579,8,606,1.4e-128,464.2
XP_003659323.1,AAQ38150.1 GH45: Glycoside Hydrolases (GHs) AAQ38150.1: Auxiliary Activities (AAs) ,100.0,225,0,0,1,225,1,225,3.2e-135,484.2
XP_003659327.1,QHO20297.1 AA6: Auxiliary Activities (AAs) ,71.7,106,30,0,70,175,39,144,2.8e-38,162.9
XP_003659347.1,CBA03971.1 GT30: GlycosylTransferases (GTs) ,62.4,402,148,2,37,437,4,403,1.6e-140,503.1
XP_003659350.1,AEO54105.1 GH15: Glycoside Hydrolases (GHs) ,100.0,680,0,0,1,680,1,680,0.0,1404.4
XP_003659393.1,AEO54148.1 GH16_1: Glycoside Hydrolases (GHs) ,100.0,389,0,0,1,389,1,389,4.1e-194,680.6
XP_003659394.1,AEO54149.1 GT34: GlycosylTransferases (GTs) ,100.0,457,0,0,1,457,1,457,7.4e-280,965.7
XP_003659402.1,AEO54157.1 GH17: Glycoside Hydrolases (GHs) ,100.0,555,0,0,1,555,1,555,3.8e-238,827.4
XP_003659404.1,AEO54159.1 GT2: GlycosylTransferases (GTs) ,100.0,1202,0,0,1,1202,1,1202,0.0,2402.9
XP_003659416.1,AEO54171.1 GT39: GlycosylTransferases (GTs) ,100.0,775,0,0,1,775,1,775,0.0,1585.5
XP_003659424.1,ALK30190.1 GT9: GlycosylTransferases (GTs) ,43.9,139,74,4,14,150,13,149,4.3e-18,95.5
XP_003659428.1,CUR50868.1 GT66: GlycosylTransferases (GTs) ,44.4,142,72,3,475,610,764,904,1.5e-25,121.3
XP_003659440.1,AEO54195.1 GH13_1: Glycoside Hydrolases (GHs) CBM20: Carbohydrate-Binding Modules (CBMs) ,100.0,629,0,0,1,629,1,629,0.0,1271.5
XP_003659458.1,ATY59959.1 GT31: GlycosylTransferases (GTs) ,48.1,673,288,12,1,657,1,628,9.1e-146,520.8
XP_003659461.1,QKX56902.1 PL35: Polysaccharide Lyases (PLs) ,53.5,157,56,1,19,175,10,149,1.9e-42,175.6
XP_003659527.1,CAN61133.1 GH36: Glycoside Hydrolases (GHs) ,46.2,78,42,0,3,80,1038,1115,6.8e-12,73.9
XP_003659536.1,CED85243.1 GT57: GlycosylTransferases (GTs) CED85243.1: Carbohydrate Esterases (CEs) ,53.8,195,83,2,1,192,619,809,1.4e-51,206.1
XP_003659546.1,AEO54301.1 GT66: GlycosylTransferases (GTs) ,100.0,750,0,0,1,750,1,750,0.0,1491.9
XP_003659547.1,XP_331907.1 GT66: GlycosylTransferases (GTs) ,91.1,123,11,0,1,123,1,123,5.5e-52,206.8
XP_003659557.1,QKX56076.1 GH51: Glycoside Hydrolases (GHs) ,56.6,1007,383,20,16,992,612,1594,2.8e-271,938.3
XP_003659560.1,XP_361931.1 GH43_34: Glycoside Hydrolases (GHs) CBM66: Carbohydrate-Binding Modules (CBMs) ,64.8,369,121,5,4,370,561,922,6e-134,480.7
XP_003659570.1,AFD63137.1 GH43_1: Glycoside Hydrolases (GHs) ,48.5,103,51,2,59,159,41,143,7.3e-17,90.9
XP_003659574.1,QKX54702.1 GT57: GlycosylTransferases (GTs) ,41.1,180,89,3,59,234,62,228,2e-27,126.7
XP_003659586.1,EAA58455.1 GT1: GlycosylTransferases (GTs) ,41.5,287,155,5,211,494,567,843,4.6e-52,209.1
XP_003659588.1,AEO54343.1 GH132: Glycoside Hydrolases (GHs) ,100.0,421,0,0,1,421,1,421,1.7e-233,811.6
XP_003659608.1,AEO54363.1 GH53: Glycoside Hydrolases (GHs) ,100.0,350,0,0,1,350,1,350,1.1e-206,722.2
XP_003659622.1,AEO54377.1 CE3: Carbohydrate Esterases (CEs) ,100.0,232,0,0,1,232,1,232,9.400000000000001e-130,466.1
XP_003659650.1,QCD91124.1 GH38: Glycoside Hydrolases (GHs) ,52.5,244,111,3,1,242,1,241,4e-56,221.9
XP_003659658.1,AEO54413.1 CE4: Carbohydrate Esterases (CEs) ,100.0,248,0,0,1,248,1,248,2.6e-138,494.6
XP_003659660.1,ANH22675.1 CE4: Carbohydrate Esterases (CEs) ,55.7,415,152,5,11,422,3,388,1.1e-120,436.8
XP_003659674.1,SMQ55079.1 GH17: Glycoside Hydrolases (GHs) ,54.8,279,92,3,1,277,1,247,3.7e-72,275.0
XP_003659696.1,QKX53028.1 AA4: Auxiliary Activities (AAs) ,87.8,148,18,0,4,151,680,827,4.2e-70,267.3
XP_003659708.1,CTQ98742.1 CBM2: Carbohydrate-Binding Modules (CBMs) ,41.7,96,53,2,785,877,87,182,2.2e-09,69.3
XP_003659730.1,AEO54485.1 GH71: Glycoside Hydrolases (GHs) ,100.0,435,0,0,1,435,1,435,4e-259,896.7
XP_003659753.1,AEO54508.1 GH2: Glycoside Hydrolases (GHs) ,100.0,585,0,0,1,585,1,585,0.0,1223.4
XP_003659754.1,AEO54509.1 AA9: Auxiliary Activities (AAs) CBM1: Carbohydrate-Binding Modules (CBMs) ,100.0,303,0,0,1,303,1,303,2.6e-164,581.3
XP_003659757.1,AEO54512.1 GH11: Glycoside Hydrolases (GHs) ,100.0,226,0,0,1,226,1,226,1.6e-126,455.3
XP_003659769.1,AEO54524.1 GH17: Glycoside Hydrolases (GHs) ,100.0,768,0,0,1,768,1,768,0.0,1439.1
XP_003659819.1,AEO54574.1 CBM50: Carbohydrate-Binding Modules (CBMs) ,100.0,341,0,0,1,341,1,341,2e-149,531.9
XP_003659833.1,AEO54588.1 PL26: Polysaccharide Lyases (PLs) ,100.0,953,0,0,1,953,1,953,0.0,1916.4
XP_003659843.1,AEO54598.1 AA1_3: Auxiliary Activities (AAs) ,100.0,595,0,0,1,595,1,595,0.0,1257.3
XP_003659864.1,VDB89779.1 GH152: Glycoside Hydrolases (GHs) ,86.2,638,82,4,2,639,68,699,0.0,1071.2
XP_003659868.1,QLC65490.1 GH43_18: Glycoside Hydrolases (GHs) ,52.3,130,45,3,7,123,33,158,6.1e-27,124.0
XP_003659871.1,QKD55908.1 GH18: Glycoside Hydrolases (GHs) ,60.0,345,120,4,4,346,2191,2519,6.599999999999999e-114,414.1
XP_003659876.1,QKD55908.1 GH18: Glycoside Hydrolases (GHs) ,69.3,1218,336,14,31,1221,980,2186,0.0,1571.6
XP_003659883.1,AEO54638.1 GT32: GlycosylTransferases (GTs) ,100.0,474,0,0,1,474,1,474,3.2e-278,960.3
XP_003659927.1,QKX60254.1 GH76: Glycoside Hydrolases (GHs) ,61.6,763,284,5,2,760,23,780,5.9e-285,983.4
XP_003659960.1,AWP16141.1 GH29: Glycoside Hydrolases (GHs) ,40.4,57,32,1,255,311,557,611,4e-07,59.3
XP_003659962.1,AEO54717.1 CE0: Carbohydrate Esterases (CEs) ,100.0,433,0,0,1,433,1,433,1.7e-265,917.9
XP_003659976.1,CAP83076.1 GH13_40: Glycoside Hydrolases (GHs) ,53.6,140,65,0,19,158,610,749,7.4e-36,153.7
XP_003660012.1,CED83340.1 GT31: GlycosylTransferases (GTs) CED83340.1: Carbohydrate Esterases (CEs) ,43.3,993,431,20,355,1227,932,1912,1.7e-209,733.4
XP_003660037.1,QKX63839.1 GH18: Glycoside Hydrolases (GHs) ,44.0,543,200,11,39,558,65,526,8.8e-97,357.8
XP_003660058.1,VDD58900.1 PL1_1: Polysaccharide Lyases (PLs) ,41.9,129,75,0,5,133,516,644,6.7e-28,127.1
XP_003660067.1,QDS75010.1 GT0: GlycosylTransferases (GTs) ,52.5,61,28,1,1,61,1,60,5.9e-06,54.7
XP_003660081.1,CEF62298.1 GT4: GlycosylTransferases (GTs) CEF62298.1: Carbohydrate Esterases (CEs) ,63.7,171,62,0,5,175,6,176,1.2e-59,233.0
XP_003660096.1,AEO54851.1 GH18: Glycoside Hydrolases (GHs) CBM50: Carbohydrate-Binding Modules (CBMs) ,100.0,920,0,0,1,920,1,920,6.499999999999999e-283,976.9
XP_003660103.1,QBZ65983.1 GH13_1: Glycoside Hydrolases (GHs) ,58.6,220,91,0,1,220,1,220,7.800000000000001e-73,276.9
XP_003660149.1,AEO54904.1 GH76: Glycoside Hydrolases (GHs) ,100.0,513,0,0,1,513,1,513,0.0,1066.6
XP_003660186.1,ABG81487.1 GT31: GlycosylTransferases (GTs) ,46.1,440,190,8,3,419,5,420,4e-91,339.7
XP_003660196.1,ACI49017.1 GT22: GlycosylTransferases (GTs) ,70.6,34,10,0,34,67,28,61,2.9e-05,51.6
XP_003660209.1,AWP04987.1 GT13: GlycosylTransferases (GTs) ,48.3,818,401,11,76,881,80,887,2.5e-222,775.8
XP_003660241.1,AEO54996.1 PL1_7: Polysaccharide Lyases (PLs) ,100.0,330,0,0,1,330,1,330,1.2e-183,645.6
XP_003660261.1,AEO55016.1 GT33: GlycosylTransferases (GTs) ,100.0,487,0,0,1,487,1,487,1.5e-270,934.9
XP_003660267.1,AEO55022.1 GH92: Glycoside Hydrolases (GHs) ,100.0,825,0,0,1,825,1,825,0.0,1701.8
XP_003660270.1,AEO55025.1 GH30_7: Glycoside Hydrolases (GHs) ,100.0,477,0,0,1,477,1,477,5.400000000000001e-273,943.0
XP_003660282.1,AEO55037.1 GT32: GlycosylTransferases (GTs) ,100.0,232,0,0,1,232,1,232,1.6e-137,491.9
XP_003660297.1,QKX53460.1 AA4: Auxiliary Activities (AAs) ,65.5,446,152,1,1,446,594,1037,2e-173,612.1
XP_003660303.1,AEO55058.1 GT25: GlycosylTransferases (GTs) ,100.0,397,0,0,1,397,1,397,1.9e-239,831.2
XP_003660310.1,AEO55065.1 GT32: GlycosylTransferases (GTs) ,100.0,426,0,0,1,426,1,426,4.8e-249,863.2
XP_003660327.1,AEO55082.1 AA9: Auxiliary Activities (AAs) ,100.0,226,0,0,1,226,1,226,6.100000000000001e-134,479.9
XP_003660342.1,QHO00079.1 GT35: GlycosylTransferases (GTs) ,63.5,52,19,0,98,149,451,502,5.6e-11,72.0
XP_003660350.1,VDD49515.1 CBM45: Carbohydrate-Binding Modules (CBMs) ,44.6,101,54,1,9,109,66,164,1e-20,102.8
XP_003660373.1,AEO55128.1 GH132: Glycoside Hydrolases (GHs) ,100.0,485,0,0,1,485,1,485,2e-214,748.4
XP_003660376.1,VDD58900.1 PL1_1: Polysaccharide Lyases (PLs) ,65.8,149,51,0,1,149,510,658,2.2e-55,218.4
XP_003660377.1,VDC63520.1 CBM0: Carbohydrate-Binding Modules (CBMs) ,41.9,344,174,6,24,355,416,745,8.6e-62,242.3
XP_003660388.1,VUW59753.1 GT106: GlycosylTransferases (GTs) ,66.7,87,29,0,160,246,191,277,1.7e-25,120.6
XP_003660410.1,AEO55165.1 GH125: Glycoside Hydrolases (GHs) ,100.0,548,0,0,1,548,1,548,0.0,1117.1
XP_003660419.1,AEO55174.1 GT62: GlycosylTransferases (GTs) ,100.0,512,0,0,1,512,1,512,5.4e-287,989.6
XP_003660446.1,CUI24525.1 GH19: Glycoside Hydrolases (GHs) ,62.7,311,110,2,43,347,18,328,3.2e-106,389.4
XP_003660454.1,QDS75308.1 GH10: Glycoside Hydrolases (GHs) ,47.0,1043,402,23,1,1017,41,958,1.3e-238,830.1
XP_003660468.1,QKX53450.1 GH81: Glycoside Hydrolases (GHs) ,43.3,430,185,9,158,579,966,1344,2e-75,287.0
XP_003660480.1,XP_003653167.1 GT0: GlycosylTransferases (GTs) ,60.1,223,71,5,1,209,1,219,1.3e-61,239.6
XP_003660481.1,XP_003653167.1 GT0: GlycosylTransferases (GTs) ,71.3,428,118,5,42,465,244,670,3.8e-170,601.3
XP_003660500.1,EAA65303.1 GT0: GlycosylTransferases (GTs) ,70.4,903,262,2,1,899,677,1578,0.0,1253.8
XP_003660537.1,QGI59819.1 GH28: Glycoside Hydrolases (GHs) ,48.7,39,20,0,71,109,465,503,0.0002,51.2
XP_003660540.1,VBB83868.1 CBM50: Carbohydrate-Binding Modules (CBMs) ,57.5,623,213,14,1,610,1,584,4.700000000000001e-180,635.2
XP_003660542.1,EAA57970.1 GT1: GlycosylTransferases (GTs) ,44.3,298,158,3,1,290,532,829,4.6e-65,251.5
XP_003660560.1,QHO00079.1 GT35: GlycosylTransferases (GTs) ,57.7,52,22,0,74,125,451,502,3.8e-08,63.2
XP_003660563.1,QKX58543.1 GT58: GlycosylTransferases (GTs) ,71.8,39,11,0,3,41,2,40,1.6e-08,62.8
XP_003660580.1,QCD77328.1 GH36: Glycoside Hydrolases (GHs) ,53.2,158,74,0,20,177,747,904,1e-42,176.8
XP_003660597.1,AEO55352.1 GT2: GlycosylTransferases (GTs) ,100.0,452,0,0,1,452,1,452,3.2e-259,897.1
XP_003660610.1,AEO55365.1 GH11: Glycoside Hydrolases (GHs) ,100.0,228,0,0,1,228,1,228,2.6e-132,474.6
XP_003660647.1,AEO55402.1 GH43_24: Glycoside Hydrolases (GHs) CBM35: Carbohydrate-Binding Modules (CBMs) ,100.0,490,0,0,1,490,1,490,4.7e-296,1019.6
XP_003660655.1,QIX01999.1 GH18: Glycoside Hydrolases (GHs) ,62.5,40,15,0,244,283,321,360,1.4e-05,53.9
XP_003660657.1,CBX90714.1 GH47: Glycoside Hydrolases (GHs) ,60.8,227,85,3,4,228,3,227,4.5e-71,271.2
XP_003660669.1,QHN73882.1 AA10: Auxiliary Activities (AAs) ,80.3,71,14,0,2,72,21,91,1.5e-25,118.2
XP_003660677.1,AEO55432.1 GT2: GlycosylTransferases (GTs) ,100.0,927,0,0,1,927,1,927,0.0,1673.3
XP_003660707.1,AEO55462.1 GH17: Glycoside Hydrolases (GHs) ,100.0,286,0,0,1,286,1,286,1.1e-161,572.4
XP_003660710.1,SMQ49087.1 GT8: GlycosylTransferases (GTs) ,44.4,178,91,3,101,277,1,171,1.7e-34,150.2
XP_003660711.1,QKD52728.1 GH16_1: Glycoside Hydrolases (GHs) ,57.5,419,148,4,1,411,1,397,2.8e-127,458.8
XP_003660728.1,QKX61863.1 GH47: Glycoside Hydrolases (GHs) ,55.4,915,343,13,1,899,832,1697,1.9e-210,736.1
XP_003660735.1,QIX00712.1 GH71: Glycoside Hydrolases (GHs) ,53.4,457,189,5,1,438,1,452,6.2e-125,451.1
XP_003660737.1,ADZ98859.1 GH93: Glycoside Hydrolases (GHs) ,100.0,378,0,0,1,378,1,378,8.7e-226,785.8
XP_003660744.1,AEO55499.1 GT2: GlycosylTransferases (GTs) ,100.0,1862,0,0,1,1862,1,1862,0.0,3630.9
XP_003660745.1,AEO55500.1 GT2: GlycosylTransferases (GTs) ,100.0,1790,0,0,1,1790,1,1790,0.0,3589.3
XP_003660766.1,AEO55521.1 GT2: GlycosylTransferases (GTs) ,100.0,245,0,0,1,245,1,245,4e-139,497.3
XP_003660789.1,AEO55544.1 GH7: Glycoside Hydrolases (GHs) CBM1: Carbohydrate-Binding Modules (CBMs) ,100.0,526,0,0,1,526,1,526,0.0,1080.5
XP_003660839.1,CEF62298.1 GT4: GlycosylTransferases (GTs) CEF62298.1: Carbohydrate Esterases (CEs) ,47.6,168,86,1,14,179,9,176,1.2e-37,159.8
XP_003660858.1,QKX59775.1 CBM21: Carbohydrate-Binding Modules (CBMs) ,65.3,98,34,0,17,114,620,717,2e-27,125.2
XP_003660893.1,AEO55648.1 GH2: Glycoside Hydrolases (GHs) ,100.0,900,0,0,1,900,1,900,0.0,1835.8
XP_003660897.1,AEO55652.1 AA9: Auxiliary Activities (AAs) ,100.0,242,0,0,1,242,1,242,2.7e-140,501.1
XP_003660910.1,EAA59389.1 GT4: GlycosylTransferases (GTs) ,51.1,45,22,0,59,103,37,81,3.3e-06,55.8
XP_003660923.1,XP_003660923.1 AA3_2: Auxiliary Activities (AAs) ,100.0,647,0,0,1,647,1,647,0.0,1317.8
XP_003660925.1,AEO55680.1 AA11: Auxiliary Activities (AAs) ,100.0,405,0,0,1,405,1,405,9.2e-181,636.3
XP_003660938.1,AEO55693.1 GH55: Glycoside Hydrolases (GHs) ,100.0,908,0,0,1,908,1,908,0.0,1652.9
XP_003660943.1,CAP68330.1 CBM1: Carbohydrate-Binding Modules (CBMs) ,56.9,320,124,7,1,315,58,368,3.6e-103,378.3
XP_003660947.1,AVD70564.1 GT4: GlycosylTransferases (GTs) ,46.0,237,120,3,1156,1391,773,1002,6.9e-50,203.4
XP_003660961.1,AEO63808.1 AA3_2: Auxiliary Activities (AAs) ,62.0,50,19,0,114,163,560,609,1.2e-10,70.1
XP_003660994.1,AEO55749.1 GH16_22: Glycoside Hydrolases (GHs) ,100.0,410,0,0,1,410,1,410,5.7e-223,776.5
XP_003661017.1,AEO55772.1 GH78: Glycoside Hydrolases (GHs) ,100.0,810,0,0,1,810,1,810,0.0,1607.4
XP_003661018.1,AEO55773.1 GT1: GlycosylTransferases (GTs) ,100.0,133,0,0,1,133,1,133,3.9e-72,273.9
XP_003661021.1,AEO55776.1 AA9: Auxiliary Activities (AAs) ,100.0,444,0,0,1,444,1,444,8.1e-239,829.3
XP_003661032.1,AEO55787.1 GH6: Glycoside Hydrolases (GHs) CBM1: Carbohydrate-Binding Modules (CBMs) ,100.0,482,0,0,1,482,1,482,2.9e-258,894.0
XP_003661033.1,SCE89187.1 CBM6: Carbohydrate-Binding Modules (CBMs) ,41.5,260,114,5,3,258,60,285,2.2e-50,202.6
XP_003661044.1,AEO55799.1 AA12: Auxiliary Activities (AAs) ,100.0,439,0,0,1,439,1,439,2e-258,894.4
XP_003661060.1,EAA58873.1 GH31: Glycoside Hydrolases (GHs) ,47.2,307,130,11,6,294,1132,1424,1.2e-63,246.9
XP_003661062.1,QBZ61175.1 AA3_2: Auxiliary Activities (AAs) ,57.2,138,56,1,98,232,358,495,1.9e-38,162.9
XP_003661084.1,AEO55839.1 GH31: Glycoside Hydrolases (GHs) ,100.0,921,0,0,1,921,1,921,0.0,1900.6
XP_003661101.1,QGA12550.1 GH3: Glycoside Hydrolases (GHs) ,50.0,1173,475,27,1,1123,1075,2186,3e-277,958.4
XP_003661115.1,SVE85332.1 GH9: Glycoside Hydrolases (GHs) ,43.9,940,445,13,4,893,417,1324,7.2e-77,292.4
XP_003661125.1,AEO55880.1 AA1_2: Auxiliary Activities (AAs) ,100.0,456,0,0,1,456,1,456,4.3e-280,966.5
XP_003661179.1,QKX63597.1 GH37: Glycoside Hydrolases (GHs) ,63.3,267,73,3,1,267,1,242,2.9e-80,302.0
XP_003661180.1,AEO55935.1 GT2: GlycosylTransferases (GTs) ,100.0,908,0,0,1,908,1,908,0.0,1825.1
XP_003661185.1,AHG06593.1 GT2: GlycosylTransferases (GTs) ,81.2,186,33,1,1,186,1210,1393,1.9e-80,302.0
XP_003661189.1,XP_003648679.1 CBM0: Carbohydrate-Binding Modules (CBMs) ,62.4,197,57,3,1,180,40,236,6.4e-60,235.0
XP_003661228.1,AEO55983.1 GH16_1: Glycoside Hydrolases (GHs) ,100.0,733,0,0,1,733,1,733,1.2e-287,992.3
XP_003661261.1,AEO56016.1 AA9: Auxiliary Activities (AAs) ,100.0,246,0,0,1,246,1,246,1.1e-141,505.8
XP_003661274.1,CBX98831.1 GH132: Glycoside Hydrolases (GHs) ,59.3,777,264,12,3,739,2,766,3.1e-243,844.7
XP_003661275.1,AEO56030.1 GH72: Glycoside Hydrolases (GHs) ,100.0,454,0,0,1,454,1,454,3.2e-259,897.1
XP_003661303.1,QDV82086.1 GH5: Glycoside Hydrolases (GHs) ,41.2,68,40,0,31,98,377,444,4.4e-07,59.3
XP_003661332.1,EGX47471.1 GH16_23: Glycoside Hydrolases (GHs) ,44.2,249,137,1,381,627,401,649,3.7e-54,216.5
XP_003661344.1,VUW51410.1 GT4: GlycosylTransferases (GTs) ,40.6,155,88,1,21,171,498,652,3.5e-23,112.8
XP_003661346.1,CAC9928513.1 GH0: Glycoside Hydrolases (GHs) ,45.1,153,75,3,3,150,124,272,8.3e-24,116.7
XP_003661368.1,AEO56123.1 GH43_30: Glycoside Hydrolases (GHs) ,100.0,432,0,0,1,432,1,432,8.799999999999999e-198,693.0
XP_003661369.1,QGI79035.1 GH43_30: Glycoside Hydrolases (GHs) ,84.1,410,63,2,1,410,443,850,3.7e-200,701.0
XP_003661370.1,QGI79035.1 GH43_30: Glycoside Hydrolases (GHs) ,41.1,426,203,12,24,440,20,406,2.5e-74,283.1
XP_003661393.1,AEO56148.1 GT41: GlycosylTransferases (GTs) ,100.0,1574,0,0,1,1574,1,1574,0.0,2957.9
XP_003661424.1,QKX61376.1 GH27: Glycoside Hydrolases (GHs) ,42.8,283,139,8,156,432,577,842,1.7e-53,213.8
XP_003661449.1,VDC63520.1 CBM0: Carbohydrate-Binding Modules (CBMs) ,40.7,324,158,10,707,1028,422,713,5.1e-49,200.3
XP_003661475.1,QDS76924.1 GH28: Glycoside Hydrolases (GHs) ,44.3,476,246,8,1,475,1,458,9.6e-109,397.9
XP_003661478.1,VBB76056.1 AA0: Auxiliary Activities (AAs) ,65.4,1076,305,16,1,1050,1,1035,0.0,1331.2
XP_003661483.1,AEO56238.1 GH3: Glycoside Hydrolases (GHs) ,100.0,903,0,0,1,903,1,903,0.0,1864.0
XP_003661501.1,EAA58873.1 GH31: Glycoside Hydrolases (GHs) ,44.9,176,94,2,65,238,968,1142,3.9e-37,158.7
XP_003661505.1,AEO56260.1 GT15: GlycosylTransferases (GTs) ,100.0,395,0,0,1,395,1,395,6.299999999999999e-251,869.4
XP_003661511.1,AEO56266.1 GH18: Glycoside Hydrolases (GHs) ,100.0,358,0,0,1,358,1,358,4e-204,713.8
XP_003661519.1,EAA58990.1 GH71: Glycoside Hydrolases (GHs) ,60.9,466,177,2,44,508,516,977,7.1e-162,573.9
XP_003661540.1,AEO56295.1 GH31: Glycoside Hydrolases (GHs) ,100.0,982,0,0,1,982,1,982,0.0,2034.2
XP_003661558.1,AEO56313.1 AA11: Auxiliary Activities (AAs) ,100.0,278,0,0,1,278,1,278,2.7e-160,567.8
XP_003661573.1,QKX57094.1 GH63: Glycoside Hydrolases (GHs) ,47.5,444,186,11,3,443,2,401,1.6e-101,373.2
XP_003661581.1,VUW72999.1 AA1: Auxiliary Activities (AAs) ,50.3,610,274,10,264,852,27,628,2.1e-148,530.0
XP_003661636.1,AEO56391.1 GH154: Glycoside Hydrolases (GHs) ,100.0,676,0,0,1,676,1,676,0.0,1405.6
XP_003661657.1,AEO56412.1 GT8: GlycosylTransferases (GTs) ,100.0,798,0,0,1,798,1,798,0.0,1480.7
XP_003661661.1,AEO56416.1 AA9: Auxiliary Activities (AAs) CBM1: Carbohydrate-Binding Modules (CBMs) ,100.0,306,0,0,1,306,1,306,3.8e-163,577.4
XP_003661666.1,AEO56421.1 GT3: GlycosylTransferases (GTs) ,100.0,637,0,0,1,637,1,637,0.0,1304.7
XP_003661674.1,CBX99002.1 GH18: Glycoside Hydrolases (GHs) ,40.1,297,149,7,364,636,10,301,1.1e-51,208.4
XP_003661695.1,QCE13289.1 CE8: Carbohydrate Esterases (CEs) ,50.1,425,180,8,12,413,411,826,4.8e-106,388.3
XP_003661719.1,SMY24715.1 CE16: Carbohydrate Esterases (CEs) ,46.9,175,87,3,25,197,1,171,9.2e-36,153.7
XP_003661737.1,ARA93149.1 CE15: Carbohydrate Esterases (CEs) ,43.4,392,200,9,46,436,454,824,8.6e-76,287.7
XP_003661743.1,AEO56498.1 AA9: Auxiliary Activities (AAs) ,100.0,151,0,0,1,151,1,151,3.4e-88,327.4
XP_003661755.1,CAC9909034.1 GT8: GlycosylTransferases (GTs) ,62.5,389,144,2,13,401,337,723,1.6e-137,492.7
XP_003661775.1,SMR56934.1 GT22: GlycosylTransferases (GTs) ,56.2,639,244,9,10,634,520,1136,6.7e-202,707.2
XP_003661778.1,QKX55281.1 GT34: GlycosylTransferases (GTs) ,54.9,162,66,1,1,162,122,276,2e-51,205.7
XP_003661787.1,AEO56542.1 AA9: Auxiliary Activities (AAs) CBM1: Carbohydrate-Binding Modules (CBMs) ,100.0,342,0,0,1,342,1,342,5.7e-184,646.7
XP_003661792.1,AEO56547.1 AA9: Auxiliary Activities (AAs) ,100.0,245,0,0,1,245,1,245,3.5e-143,510.8
XP_003661793.1,AEO56548.1 GT32: GlycosylTransferases (GTs) ,100.0,341,0,0,1,341,1,341,1.6e-207,724.9
XP_003661794.1,AEO56549.1 GT31: GlycosylTransferases (GTs) ,100.0,743,0,0,1,743,1,743,0.0,1522.3
XP_003661815.1,AEO56570.1 GT21: GlycosylTransferases (GTs) ,100.0,534,0,0,1,534,1,534,0.0,1091.3
XP_003661836.1,AEO56591.1 CBM18: Carbohydrate-Binding Modules (CBMs) ,100.0,90,0,0,1,90,1,90,3.4e-51,203.8
XP_003661860.1,AEO56615.1 GH30_5: Glycoside Hydrolases (GHs) ,100.0,482,0,0,1,482,1,482,4.1e-289,996.5
XP_003661861.1,AEO56616.1 GH64: Glycoside Hydrolases (GHs) ,100.0,450,0,0,1,450,1,450,1.6e-255,884.8
XP_003661880.1,VBB86287.1 CBM1: Carbohydrate-Binding Modules (CBMs) ,67.0,212,64,3,1,211,98,304,3.5e-83,311.2
XP_003661882.1,AEO56637.1 GH47: Glycoside Hydrolases (GHs) ,100.0,606,0,0,1,606,1,606,0.0,1228.8
XP_003661887.1,AEO56642.1 AA9: Auxiliary Activities (AAs) ,100.0,237,0,0,1,237,1,237,3.4e-135,484.2
XP_003661896.1,AEO56651.1 GH35: Glycoside Hydrolases (GHs) ,100.0,350,0,0,1,350,1,350,5.1e-204,713.4
XP_003661898.1,CAK43282.1 GH78: Glycoside Hydrolases (GHs) ,45.0,298,124,9,123,387,841,1131,7.9e-52,208.0
XP_003661903.1,QKX60855.1 GT22: GlycosylTransferases (GTs) ,84.3,318,48,1,16,333,554,869,8.7e-145,516.5
XP_003661905.1,VUW72999.1 AA1: Auxiliary Activities (AAs) ,40.1,272,157,4,184,450,168,438,4.1e-44,182.6
XP_003661906.1,ATW49208.1 CBM13: Carbohydrate-Binding Modules (CBMs) ,45.8,48,26,0,190,237,132,179,5.1e-05,52.0
XP_003661910.1,ASE05899.1 AA9: Auxiliary Activities (AAs) ,100.0,255,0,0,1,255,1,255,3.3e-152,540.8
XP_003661925.1,BBA15798.1 GH0: Glycoside Hydrolases (GHs) ,40.7,91,45,5,68,152,129,216,2.3e-05,53.5
XP_003661926.1,AEO56681.1 GH72: Glycoside Hydrolases (GHs) CBM43: Carbohydrate-Binding Modules (CBMs) ,100.0,533,0,0,1,533,1,533,0.0,1067.0
XP_003661930.1,QKX63250.1 CE12: Carbohydrate Esterases (CEs) ,46.7,411,199,9,22,425,263,660,2.9e-100,369.0
XP_003661937.1,AEO56692.1 GH43_14: Glycoside Hydrolases (GHs) ,100.0,631,0,0,1,631,1,631,0.0,1244.6
XP_003661939.1,AEO56694.1 AA7: Auxiliary Activities (AAs) ,100.0,500,0,0,1,500,1,500,3.6e-296,1020.0
XP_003661964.1,VDD22849.1 CBM0: Carbohydrate-Binding Modules (CBMs) ,42.7,384,200,7,421,797,463,833,6.5e-69,265.8
XP_003661972.1,EAA59400.1 PL4_3: Polysaccharide Lyases (PLs) ,45.9,205,90,5,15,216,778,964,3.3e-40,169.1
XP_003661999.1,QKD60584.1 GT1: GlycosylTransferases (GTs) ,49.0,51,26,0,3,53,712,762,2.1e-06,57.8
XP_003662007.1,QDS69763.1 CE5: Carbohydrate Esterases (CEs) ,52.3,197,92,2,11,206,21,216,5.2e-55,217.6
XP_003662035.1,AEO56790.1 CBM48: Carbohydrate-Binding Modules (CBMs) ,100.0,463,0,0,1,463,1,463,3.9e-252,873.6
XP_003662043.1,ACJ72161.1 GT1: GlycosylTransferases (GTs) ,86.3,80,11,0,1,80,1,80,2.6e-32,141.7
XP_003662044.1,QBZ54211.1 GH47: Glycoside Hydrolases (GHs) ,80.1,853,140,7,5,839,631,1471,0.0,1217.6
XP_003662053.1,AHO18837.1 GH13_26: Glycoside Hydrolases (GHs) ,56.7,60,26,0,81,140,25,84,4e-12,77.4
XP_003662064.1,QKX61199.1 GH18: Glycoside Hydrolases (GHs) ,40.7,632,291,18,13,608,323,906,1.8e-107,394.0
XP_003662066.1,QDS73620.1 GT8: GlycosylTransferases (GTs) ,54.8,609,215,13,8,570,794,1388,3.8e-140,501.9
XP_003662067.1,AEO56822.1 GH16_1: Glycoside Hydrolases (GHs) ,100.0,386,0,0,1,386,1,386,3.9e-221,770.4
XP_003662083.1,AEO56838.1 GH76: Glycoside Hydrolases (GHs) ,100.0,464,0,0,1,464,1,464,6.200000000000001e-274,946.0
XP_003662100.1,QKX56673.1 GH78: Glycoside Hydrolases (GHs) ,43.0,370,180,7,10,353,692,1056,1.6e-67,260.0
XP_003662104.1,AEO56859.1 GH28: Glycoside Hydrolases (GHs) ,100.0,370,0,0,1,370,1,370,2.9e-210,734.2
XP_003662115.1,AEO56870.1 GH63: Glycoside Hydrolases (GHs) ,100.0,838,0,0,1,838,1,838,0.0,1742.6
XP_003662145.1,CAC9928513.1 GH0: Glycoside Hydrolases (GHs) ,46.0,313,158,6,10,314,18,327,9e-67,258.5
XP_003662156.1,AWP15129.1 GT25: GlycosylTransferases (GTs) ,40.6,96,53,2,7,102,2,93,1.7e-12,75.5
XP_003662159.1,SVE69766.1 GT4: GlycosylTransferases (GTs) ,89.7,39,4,0,2,40,396,434,6.8e-13,78.6
XP_003662162.1,VWO94258.1 GH5_5: Glycoside Hydrolases (GHs) CBM1: Carbohydrate-Binding Modules (CBMs) ,46.3,667,269,16,40,636,391,1038,7.099999999999999e-135,484.6
XP_003662191.1,AEO63458.1 GH3: Glycoside Hydrolases (GHs) ,81.6,440,77,3,1,440,257,692,1.7e-204,715.3
XP_003662192.1,AEO56947.1 GH10: Glycoside Hydrolases (GHs) ,100.0,115,0,0,1,115,1,115,3.4e-56,220.7
XP_003662194.1,AEO56949.1 GH37: Glycoside Hydrolases (GHs) ,100.0,744,0,0,1,744,1,744,0.0,1521.1
XP_003662203.1,AEO56958.1 GT0: GlycosylTransferases (GTs) ,100.0,956,0,0,1,956,1,956,0.0,1890.9
XP_003662210.1,CED85556.1 CED85556.1: Carbohydrate Esterases (CEs) AA3_2: Auxiliary Activities (AAs) ,46.9,324,132,9,17,325,6,304,1.1e-67,260.4
XP_003662211.1,ATX68040.1 GH18: Glycoside Hydrolases (GHs) CBM14: Carbohydrate-Binding Modules (CBMs) ,43.8,137,68,2,1,128,12,148,7.700000000000001e-28,128.6
XP_003662218.1,AEO56973.1 GT2: GlycosylTransferases (GTs) ,100.0,886,0,0,1,886,1,886,0.0,1801.9
XP_003662220.1,SVE69766.1 GT4: GlycosylTransferases (GTs) ,62.9,35,13,0,8,42,400,434,2.4e-05,53.5
XP_003662239.1,SMQ49497.1 AA3_2: Auxiliary Activities (AAs) ,40.9,362,156,7,93,425,559,891,2.8e-64,249.6
XP_003662247.1,QEO24085.1 GH47: Glycoside Hydrolases (GHs) ,42.9,373,202,9,51,419,839,1204,1.2e-71,273.9
XP_003662254.1,QKX63840.1 GH18: Glycoside Hydrolases (GHs) CBM18: Carbohydrate-Binding Modules (CBMs) ,40.7,888,478,17,16,884,481,1338,3e-176,622.5
XP_003662255.1,AEO57010.1 GH76: Glycoside Hydrolases (GHs) ,100.0,454,0,0,1,454,1,454,2.9e-276,953.7
XP_003662265.1,QKD54609.1 GH47: Glycoside Hydrolases (GHs) ,41.1,246,101,7,66,295,582,799,4e-32,142.1
XP_003662274.1,CAJ86292.1 GH17: Glycoside Hydrolases (GHs) CBM43: Carbohydrate-Binding Modules (CBMs) ,47.4,116,41,3,227,342,157,252,8.6e-18,94.7
XP_003662299.1,AEO57054.1 GT8: GlycosylTransferases (GTs) ,100.0,445,0,0,1,445,1,445,2.9e-180,634.8
XP_003662303.1,CEF68073.1 GT92: GlycosylTransferases (GTs) CEF68073.1: Carbohydrate Esterases (CEs) ,43.2,192,102,1,323,514,55,239,1.2e-36,157.9
XP_003662316.1,AEO57071.1 GT62: GlycosylTransferases (GTs) ,100.0,380,0,0,1,380,1,380,5.3e-223,776.5
XP_003662318.1,AEO57073.1 GH0: Glycoside Hydrolases (GHs) ,100.0,402,0,0,1,402,1,402,2.1e-217,758.1
XP_003662345.1,VDC80439.1 GH28: Glycoside Hydrolases (GHs) ,42.6,101,55,2,256,354,423,522,3.6e-15,86.3
XP_003662362.1,AZZ51744.1 CBM13: Carbohydrate-Binding Modules (CBMs) ,60.0,160,59,3,20,179,216,370,3.3e-45,184.9
XP_003662377.1,AEO57132.1 CE1: Carbohydrate Esterases (CEs) ,100.0,302,0,0,1,302,1,302,8.100000000000001e-174,612.8
XP_003662399.1,SMY28328.1 GH31: Glycoside Hydrolases (GHs) ,44.8,116,51,4,549,652,1673,1787,1.5e-13,82.0
XP_003662402.1,AEO57157.1 GH11: Glycoside Hydrolases (GHs) CBM1: Carbohydrate-Binding Modules (CBMs) ,100.0,278,0,0,1,278,1,278,1.4e-148,528.9
XP_003662414.1,AXO37891.1 CBM2: Carbohydrate-Binding Modules (CBMs) ,40.7,369,202,9,29,386,12,374,7.8e-52,208.0
XP_003662421.1,QDK56813.1 GH28: Glycoside Hydrolases (GHs) ,50.0,128,63,1,52,179,500,626,2.2e-28,129.0
XP_003662435.1,AEO57190.1 GH6: Glycoside Hydrolases (GHs) ,100.0,381,0,0,1,381,1,381,3.5e-222,773.9
XP_003662448.1,AEO57203.1 CE1: Carbohydrate Esterases (CEs) ,100.0,294,0,0,1,294,1,294,2.4e-170,601.3
XP_003662449.1,AEO57204.1 GH13_40: Glycoside Hydrolases (GHs) ,100.0,598,0,0,1,598,1,598,0.0,1254.6
XP_003662457.1,QLI73759.1 AA0: Auxiliary Activities (AAs) ,71.7,756,185,5,1,750,1,733,0.0,1116.3
XP_003662459.1,AEO57214.1 GH13_40: Glycoside Hydrolases (GHs) ,100.0,615,0,0,1,615,1,615,0.0,1293.5
XP_003662495.1,AEO57250.1 GT55: GlycosylTransferases (GTs) ,100.0,638,0,0,1,638,1,638,0.0,1062.0
XP_003662509.1,AEO57264.1 GH16_19: Glycoside Hydrolases (GHs) CBM18: Carbohydrate-Binding Modules (CBMs) ,100.0,446,0,0,1,446,1,446,2.3e-254,880.9
XP_003662514.1,AEO57269.1 GT15: GlycosylTransferases (GTs) ,100.0,498,0,0,1,498,1,498,1.8e-303,1044.3
XP_003662548.1,AEO57303.1 GH43_36: Glycoside Hydrolases (GHs) ,100.0,558,0,0,1,558,1,558,0.0,1157.5
XP_003662562.1,CCA74522.1 AA5_1: Auxiliary Activities (AAs) ,40.4,94,50,4,127,219,690,778,3.7e-11,72.0
XP_003662567.1,AEO57322.1 GH25: Glycoside Hydrolases (GHs) ,100.0,225,0,0,1,225,1,225,1.8e-130,468.4
XP_003662568.1,VBB73719.1 GH18: Glycoside Hydrolases (GHs) CBM50: Carbohydrate-Binding Modules (CBMs) ,45.0,600,305,9,23,614,881,1463,9.4e-145,517.3
XP_003662569.1,AEO57324.1 GH17: Glycoside Hydrolases (GHs) ,100.0,405,0,0,1,405,1,405,2.5e-202,708.0
XP_003662572.1,QKX61286.1 AA1: Auxiliary Activities (AAs) ,54.8,155,69,1,9,163,24,177,2.7e-49,198.4
XP_003662578.1,AEO57333.1 CBM52: Carbohydrate-Binding Modules (CBMs) ,100.0,247,0,0,1,247,1,247,3.3e-149,530.8
XP_003662588.1,AEO57343.1 CE4: Carbohydrate Esterases (CEs) ,100.0,259,0,0,1,259,1,259,2.8e-151,537.7
XP_003662590.1,EAA29200.1 GH71: Glycoside Hydrolases (GHs) CBM24: Carbohydrate-Binding Modules (CBMs) ,40.3,318,126,9,1,256,1092,1407,7.8e-51,204.5
XP_003662619.1,QKX56076.1 GH51: Glycoside Hydrolases (GHs) ,43.5,421,232,4,87,502,922,1341,1.2e-93,347.4
XP_003662627.1,CAZ33309.1 GT7: GlycosylTransferases (GTs) ,62.0,92,35,0,24,115,198,289,2.4e-25,118.2
XP_003662646.1,AEO57401.1 GH5_11: Glycoside Hydrolases (GHs) ,100.0,427,0,0,1,427,1,427,5.4e-256,886.3
XP_003662659.1,CBX99002.1 GH18: Glycoside Hydrolases (GHs) ,46.1,180,93,1,10,189,126,301,5.1e-39,164.9
XP_003662661.1,AEO57416.1 GT22: GlycosylTransferases (GTs) ,100.0,672,0,0,1,672,1,672,0.0,1338.2
XP_003662667.1,AEO71812.1 GH24: Glycoside Hydrolases (GHs) ,40.4,188,84,3,10,174,9,191,2.5e-27,125.9
XP_003662676.1,SMR52966.1 CE16: Carbohydrate Esterases (CEs) ,43.9,139,72,3,350,483,17,154,3.5e-19,100.1
XP_003662686.1,AAW43127.1 GT4: GlycosylTransferases (GTs) AAW43127.1: Auxiliary Activities (AAs) ,46.6,249,117,4,39,273,10,256,6.5e-46,188.0
XP_003662692.1,VDD34219.1 GH3: Glycoside Hydrolases (GHs) ,50.8,321,146,4,3,323,1003,1311,2.6e-77,292.4
XP_003662704.1,AEO57459.1 GH1: Glycoside Hydrolases (GHs) ,100.0,476,0,0,1,476,1,476,2.1e-293,1010.7
XP_003662721.1,QGI92371.1 GH18: Glycoside Hydrolases (GHs) CBM18: Carbohydrate-Binding Modules (CBMs) ,42.5,749,404,10,1,736,414,1148,2.2e-166,589.7
XP_003662742.1,AEO57497.1 GH95: Glycoside Hydrolases (GHs) ,100.0,834,0,0,1,834,1,834,0.0,1614.0
XP_003662767.1,AEO57522.1 GT90: GlycosylTransferases (GTs) ,100.0,558,0,0,1,558,1,558,3.399999999999999e-226,787.7
XP_003662784.1,CEF62298.1 GT4: GlycosylTransferases (GTs) CEF62298.1: Carbohydrate Esterases (CEs) ,59.8,169,68,0,6,174,8,176,6.9e-57,223.8
XP_003662794.1,VDC59046.1 GH38: Glycoside Hydrolases (GHs) ,55.4,130,55,3,118,245,1047,1175,2.4e-28,129.4
XP_003662825.1,QLI73916.1 AA5_1: Auxiliary Activities (AAs) ,41.5,94,50,2,144,237,47,135,8.1e-13,79.0
XP_003662829.1,QHO46828.1 GH38: Glycoside Hydrolases (GHs) ,54.7,64,25,1,92,155,225,284,1.4e-11,73.9
XP_003662846.1,AEO57601.1 GH16_22: Glycoside Hydrolases (GHs) ,100.0,395,0,0,1,395,1,395,3.2e-231,803.9
XP_003662869.1,AEO57624.1 GH76: Glycoside Hydrolases (GHs) ,100.0,399,0,0,1,399,1,399,1.5e-236,821.6
XP_003662938.1,AEO57693.1 GH30_7: Glycoside Hydrolases (GHs) ,100.0,471,0,0,1,471,1,471,1.5e-272,941.4
XP_003662961.1,AEO57716.1 CE4: Carbohydrate Esterases (CEs) CBM18: Carbohydrate-Binding Modules (CBMs) ,100.0,344,0,0,1,344,1,344,1.2e-189,665.6
XP_003662994.1,QKX54493.1 GH31: Glycoside Hydrolases (GHs) ,41.1,207,122,0,225,431,808,1014,4e-40,169.5
XP_003662995.1,QKX57890.1 GT57: GlycosylTransferases (GTs) ,45.0,1068,480,20,1,1049,494,1473,4.299999999999999e-217,758.4
XP_003662996.1,AEO57751.1 GT57: GlycosylTransferases (GTs) ,100.0,503,0,0,1,503,1,503,1.8e-287,991.1
XP_003663076.1,QBZ61375.1 GH131: Glycoside Hydrolases (GHs) ,64.7,640,195,7,21,644,6,630,1.4e-226,789.3
XP_003663087.1,QDK56813.1 GH28: Glycoside Hydrolases (GHs) ,48.9,131,66,1,50,180,500,629,3.6e-28,128.3
XP_003663088.1,ALC42656.1 GT41: GlycosylTransferases (GTs) ,76.5,51,12,0,1,51,1,51,2.6e-16,87.0
XP_003663090.1,AEO57845.1 GT22: GlycosylTransferases (GTs) ,100.0,521,0,0,1,521,1,521,0.0,1064.7
XP_003663111.1,QKX55281.1 GT34: GlycosylTransferases (GTs) ,52.4,212,91,2,45,255,55,257,7.6e-64,247.3
XP_003663121.1,QKX55086.1 GH55: Glycoside Hydrolases (GHs) ,67.6,621,185,6,7,619,787,1399,1.6e-257,892.1
XP_003663152.1,VDC89881.1 GT4: GlycosylTransferases (GTs) ,40.9,132,67,5,325,446,224,354,2.3e-15,87.4
XP_003663156.1,VDC84150.1 GH17: Glycoside Hydrolases (GHs) CBM43: Carbohydrate-Binding Modules (CBMs) ,41.2,352,187,10,28,359,534,885,3.2e-68,262.3
XP_003663186.1,CAN80640.1 GT47: GlycosylTransferases (GTs) ,46.3,423,220,5,5,423,944,1363,9.5e-104,380.6
XP_003663218.1,CBX99002.1 GH18: Glycoside Hydrolases (GHs) ,51.5,299,123,5,9,285,3,301,4.7e-82,308.1
XP_003663244.1,QKD62991.1 GH12: Glycoside Hydrolases (GHs) ,46.7,276,142,4,1066,1341,1390,1660,3.9e-58,230.7
XP_003663266.1,AEO58021.1 GT1: GlycosylTransferases (GTs) ,100.0,224,0,0,1,224,1,224,3.7e-123,444.1
XP_003663268.1,AOZ95200.1 GH43_35: Glycoside Hydrolases (GHs) ,44.7,150,70,3,216,360,87,228,1.7e-22,111.3
XP_003663286.1,EAA60079.1 GT25: GlycosylTransferases (GTs) ,43.9,321,153,4,28,348,509,802,1.2e-59,233.8
XP_003663309.1,ALC44309.1 GH29: Glycoside Hydrolases (GHs) ,44.8,143,77,1,195,337,129,269,1.3e-26,124.0
XP_003663332.1,AEO58087.1 GH16_23: Glycoside Hydrolases (GHs) ,100.0,431,0,0,1,431,1,431,2e-226,788.1
XP_003663342.1,QIE96744.1 GH108: Glycoside Hydrolases (GHs) ,51.9,81,39,0,368,448,1,81,9.9e-13,79.3
XP_003663354.1,QKX59775.1 CBM21: Carbohydrate-Binding Modules (CBMs) ,98.0,99,2,0,5,103,621,719,1.3e-46,188.7
XP_003663378.1,VDC82915.1 GH3: Glycoside Hydrolases (GHs) ,57.3,89,37,1,144,232,135,222,4e-19,99.4
XP_003663382.1,AEO58137.1 AA8: Auxiliary Activities (AAs) CBM1: Carbohydrate-Binding Modules (CBMs) ,100.0,828,0,0,1,828,1,828,0.0,1702.2
XP_003663384.1,QDK56813.1 GH28: Glycoside Hydrolases (GHs) ,43.4,99,55,1,47,144,500,598,1e-15,86.7
XP_003663396.1,BAF20066.1 GT47: GlycosylTransferases (GTs) ,48.3,60,31,0,8,67,495,554,3.1e-09,63.9
XP_003663400.1,AEO58155.1 GH16_10: Glycoside Hydrolases (GHs) ,100.0,218,0,0,1,218,1,218,1.6e-123,445.3
XP_003663408.1,VBB86287.1 CBM1: Carbohydrate-Binding Modules (CBMs) ,49.0,341,147,12,2,328,41,368,6.3e-79,297.7
XP_003663414.1,AON76800.1 AA9: Auxiliary Activities (AAs) CBM1: Carbohydrate-Binding Modules (CBMs) ,100.0,323,0,0,1,323,1,323,4.9e-177,623.6
XP_003663415.1,ANH22729.1 CBM50: Carbohydrate-Binding Modules (CBMs) ,54.3,81,28,2,1,81,1,72,1e-17,94.4
XP_003663420.1,AEO58175.1 GH3: Glycoside Hydrolases (GHs) ,100.0,870,0,0,1,870,1,870,0.0,1782.7
XP_003663426.1,QBZ63730.1 GT32: GlycosylTransferases (GTs) ,42.7,358,171,7,7,364,56,379,3.4e-73,278.9
XP_003663430.1,AEO58185.1 GT8: GlycosylTransferases (GTs) ,100.0,415,0,0,1,415,1,415,6e-244,846.3
XP_003663437.1,CAP68353.1 GT2: GlycosylTransferases (GTs) ,76.3,135,30,2,2,135,518,651,6.200000000000001e-57,223.4
XP_003663441.1,AEO58196.1 GH7: Glycoside Hydrolases (GHs) CBM1: Carbohydrate-Binding Modules (CBMs) ,100.0,464,0,0,1,464,1,464,9.600000000000001e-267,922.2
XP_003663452.1,AEO58207.1 CBM1: Carbohydrate-Binding Modules (CBMs) ,100.0,426,0,0,1,426,1,426,5.7e-250,866.3
XP_003663454.1,AEO58209.1 GH55: Glycoside Hydrolases (GHs) ,100.0,780,0,0,1,780,1,780,0.0,1590.9
XP_003663459.1,QKX54493.1 GH31: Glycoside Hydrolases (GHs) ,47.6,456,226,4,11,463,568,1013,3.2e-108,395.6
XP_003663466.1,CAP68330.1 CBM1: Carbohydrate-Binding Modules (CBMs) ,50.7,201,87,5,1,199,178,368,1.3e-50,203.0
XP_003663470.1,AEO68738.1 GT32: GlycosylTransferases (GTs) ,68.3,63,20,0,1,63,268,330,1.8e-17,91.3
XP_003663471.1,CDR37162.1 GT47: GlycosylTransferases (GTs) ,51.6,62,30,0,96,157,415,476,4.4e-09,64.7
XP_003663488.1,VBB76690.1 AA3: Auxiliary Activities (AAs) ,42.7,96,49,2,9,100,121,214,8.9e-11,69.7
XP_003663492.1,AEO58247.1 CE1: Carbohydrate Esterases (CEs) ,100.0,313,0,0,1,313,1,313,2.2e-182,641.3
XP_003663503.1,AEO58258.1 GH31: Glycoside Hydrolases (GHs) ,100.0,850,0,0,1,850,1,850,0.0,1748.8
XP_003663529.1,AEN99943.1 GH11: Glycoside Hydrolases (GHs) ,100.0,230,0,0,1,230,1,230,4.3e-135,483.8
XP_003663544.1,AEO58299.1 GH18: Glycoside Hydrolases (GHs) ,100.0,426,0,0,1,426,1,426,1.4e-240,835.1
XP_003663549.1,AEO58304.1 GH43_24: Glycoside Hydrolases (GHs) CBM35: Carbohydrate-Binding Modules (CBMs) ,100.0,451,0,0,1,451,1,451,6e-266,919.5
XP_003663558.1,EAA59072.1 AA9: Auxiliary Activities (AAs) ,55.3,85,26,3,1,73,537,621,3.4e-17,90.5
XP_003663559.1,VDD20314.1 GH3: Glycoside Hydrolases (GHs) ,52.7,313,142,3,21,330,995,1304,1.9e-78,296.2
XP_003663588.1,AEO58343.1 GH3: Glycoside Hydrolases (GHs) ,100.0,733,0,0,1,733,1,733,0.0,1460.3
XP_003663591.1,AEO58346.1 GH3: Glycoside Hydrolases (GHs) ,100.0,760,0,0,1,760,1,760,0.0,1557.3
XP_003663600.1,QGI70318.1 GH5_15: Glycoside Hydrolases (GHs) ,46.5,333,173,5,1,333,419,746,4.3e-67,258.5
XP_003663613.1,QKX61286.1 AA1: Auxiliary Activities (AAs) ,45.0,151,83,0,1,151,26,176,2.1e-37,158.7
XP_003663625.1,QKX59855.1 PL1_7: Polysaccharide Lyases (PLs) ,52.1,397,177,7,15,407,331,718,7.4e-114,414.1
XP_003663636.1,AEO58391.1 CE5: Carbohydrate Esterases (CEs) ,100.0,243,0,0,1,243,1,243,1.1e-136,489.2
XP_003663643.1,AEO58398.1 GH128: Glycoside Hydrolases (GHs) ,100.0,328,0,0,1,328,1,328,1.5e-186,655.2
XP_003663644.1,AEO58399.1 GH43_11: Glycoside Hydrolases (GHs) ,100.0,537,0,0,1,537,1,537,0.0,1146.0
XP_003663646.1,AEO58401.1 AA3_2: Auxiliary Activities (AAs) ,100.0,635,0,0,1,635,1,635,0.0,1274.2
XP_003663650.1,VBB86287.1 CBM1: Carbohydrate-Binding Modules (CBMs) ,53.9,319,137,5,37,353,58,368,3.4e-94,348.6
XP_003663653.1,QGI83664.1 GT90: GlycosylTransferases (GTs) ,60.1,301,114,3,16,316,631,925,3.8e-97,358.2
XP_003663654.1,AEO67488.1 AA3_2: Auxiliary Activities (AAs) ,56.7,448,110,5,1,366,159,604,3.4e-121,438.3
XP_003663657.1,AEO58412.1 AA9: Auxiliary Activities (AAs) ,100.0,338,0,0,1,338,1,338,6.2e-191,669.8
XP_003663660.1,QIW98711.1 GT76: GlycosylTransferases (GTs) ,48.9,393,151,11,88,454,361,729,2.4e-85,319.7
XP_003663667.1,ADZ98858.1 GH43_6: Glycoside Hydrolases (GHs) ,100.0,321,0,0,1,321,1,321,3.4e-194,680.6
XP_003663668.1,AEO58423.1 GH43_26: Glycoside Hydrolases (GHs) ,100.0,320,0,0,1,320,1,320,2.6e-194,681.0
XP_003663682.1,AEO58437.1 GH93: Glycoside Hydrolases (GHs) ,100.0,358,0,0,1,358,1,358,7.8e-208,726.1
XP_003663683.1,QBZ61671.1 CBM1: Carbohydrate-Binding Modules (CBMs) ,63.7,157,54,2,28,181,187,343,5.2e-51,204.1
XP_003663684.1,AEO58439.1 GH76: Glycoside Hydrolases (GHs) ,100.0,474,0,0,1,474,1,474,4.8e-290,999.6
XP_003663686.1,CAB4105301.1 GT28: GlycosylTransferases (GTs) ,42.0,131,74,2,58,188,534,662,1.8e-25,119.4
XP_003663690.1,AEO58445.1 GH13_22: Glycoside Hydrolases (GHs) GT5: GlycosylTransferases (GTs) ,100.0,2370,0,0,1,2370,1,2370,0.0,4848.5
XP_003663691.1,AEO58446.1 GH13_1: Glycoside Hydrolases (GHs) ,100.0,531,0,0,1,531,1,531,0.0,1078.2
XP_003663697.1,AEO58452.1 GH51: Glycoside Hydrolases (GHs) ,100.0,512,0,0,1,512,1,512,0.0,1082.8
XP_003663700.1,AEO58455.1 GH5_5: Glycoside Hydrolases (GHs) ,100.0,337,0,0,1,337,1,337,1.1e-198,695.7
XP_003663701.1,AEO58456.1 GT31: GlycosylTransferases (GTs) ,100.0,197,0,0,1,197,1,197,6.799999999999999e-113,409.8
XP_003663720.1,QKD62511.1 AA11: Auxiliary Activities (AAs) ,50.2,313,155,1,93,405,1257,1568,1.3e-89,333.6
XP_003663741.1,XP_003663741.1 AA1_3: Auxiliary Activities (AAs) ,100.0,616,0,0,1,616,1,616,0.0,1301.2
XP_003663744.1,AEO58499.1 GT31: GlycosylTransferases (GTs) ,100.0,569,0,0,1,569,1,569,0.0,1174.8
XP_003663752.1,AEO58507.1 GH13_5: Glycoside Hydrolases (GHs) ,100.0,471,0,0,1,471,1,471,7.9e-285,982.2
XP_003663758.1,ANF89368.1 AA7: Auxiliary Activities (AAs) ,100.0,497,0,0,1,497,1,497,4e-295,1016.5
XP_003663760.1,AEO58515.1 PL1_4: Polysaccharide Lyases (PLs) ,100.0,375,0,0,1,375,1,375,1.1e-215,752.3
XP_003663765.1,AEO58520.1 GH5_16: Glycoside Hydrolases (GHs) ,100.0,422,0,0,1,422,1,422,3.8e-254,880.2
XP_003663767.1,AEO58522.1 GH72: Glycoside Hydrolases (GHs) ,100.0,330,0,0,1,330,1,330,1.6e-167,592.0
XP_003663787.1,ACJ72161.1 GT1: GlycosylTransferases (GTs) ,55.2,105,47,0,3,107,2,106,1.4e-25,119.4
XP_003663796.1,SMY28739.1 CE1: Carbohydrate Esterases (CEs) ,58.9,158,65,0,434,591,21,178,1.7e-46,191.0
XP_003663798.1,AEO58553.1 CE4: Carbohydrate Esterases (CEs) ,100.0,254,0,0,1,254,1,254,7.8e-138,493.0
XP_003663843.1,AEO58598.1 GH10: Glycoside Hydrolases (GHs) ,100.0,375,0,0,1,375,1,375,5.3e-215,750.0
XP_003663851.1,CDP31667.1 AA3: Auxiliary Activities (AAs) ,75.1,607,137,7,23,619,41,643,9.8e-267,922.5
XP_003663855.1,AEO58610.1 GT1: GlycosylTransferases (GTs) ,100.0,534,0,0,1,534,1,534,3.2e-306,1053.5
XP_003663860.1,QKX54493.1 GH31: Glycoside Hydrolases (GHs) ,49.0,455,228,2,112,566,565,1015,5.3e-113,411.8
XP_003663868.1,AEO58623.1 CBM21: Carbohydrate-Binding Modules (CBMs) ,100.0,701,0,0,1,701,1,701,0.0,1314.3
XP_003663876.1,AEO58631.1 GH43_26: Glycoside Hydrolases (GHs) CBM42: Carbohydrate-Binding Modules (CBMs) ,100.0,339,0,0,1,339,1,339,9e-198,692.6
XP_003663883.1,AEO58638.1 AA3_2: Auxiliary Activities (AAs) ,100.0,564,0,0,1,564,1,564,0.0,1152.5
XP_003663893.1,BBH95597.1 GT2: GlycosylTransferases (GTs) ,40.3,216,113,4,219,433,104,304,2.5e-36,157.5
XP_003663918.1,AEO58673.1 GH31: Glycoside Hydrolases (GHs) ,100.0,669,0,0,1,669,1,669,0.0,1402.9
XP_003663920.1,AEO58675.1 GT4: GlycosylTransferases (GTs) ,100.0,421,0,0,1,421,1,421,2.1e-249,864.4
XP_003663924.1,AEO58679.1 GH18: Glycoside Hydrolases (GHs) CBM50: Carbohydrate-Binding Modules (CBMs) ,100.0,1142,0,0,1,1142,1,1142,0.0,2361.6
XP_003663933.1,AEO58688.1 CBM18: Carbohydrate-Binding Modules (CBMs) ,100.0,427,0,0,1,427,1,427,1.2e-106,390.2
XP_003663956.1,AEO58711.1 CE5: Carbohydrate Esterases (CEs) ,100.0,231,0,0,1,231,1,231,2.6e-124,448.0
XP_003663962.1,QKD46448.1 GH36: Glycoside Hydrolases (GHs) ,52.9,429,181,5,32,459,40,448,2.3e-125,452.6
XP_003663975.1,CBX99002.1 GH18: Glycoside Hydrolases (GHs) ,83.7,301,48,1,1,300,1,301,6e-143,510.4
XP_003663977.1,XP_003650290.1 CBM0: Carbohydrate-Binding Modules (CBMs) ,42.3,201,101,5,1,191,1,196,3.7e-31,139.0
XP_003663984.1,AEO58739.1 PL1_7: Polysaccharide Lyases (PLs) ,100.0,326,0,0,1,326,1,326,5.5e-160,567.0
XP_003663985.1,AEO58740.1 AA16: Auxiliary Activities (AAs) ,100.0,188,0,0,1,188,1,188,8.700000000000001e-110,399.4
XP_003663986.1,QKD46448.1 GH36: Glycoside Hydrolases (GHs) ,40.4,505,277,11,16,517,20,503,4.9e-89,332.0
XP_003664039.1,CUI24525.1 GH19: Glycoside Hydrolases (GHs) ,54.4,287,122,5,36,316,13,296,2.7e-73,280.0
XP_003664069.1,AEO58824.1 GH7: Glycoside Hydrolases (GHs) ,100.0,128,0,0,1,128,1,128,6e-70,266.5
XP_003664074.1,QEL59934.1 GH5_9: Glycoside Hydrolases (GHs) ,52.3,323,149,3,46,367,352,670,5.7e-89,331.3
XP_003664082.1,QKX53450.1 GH81: Glycoside Hydrolases (GHs) ,53.5,447,176,6,41,465,911,1347,3.8e-114,415.2
XP_003664088.1,CED82388.1 GT4: GlycosylTransferases (GTs) CED82388.1: Carbohydrate Esterases (CEs) ,51.4,72,35,0,6,77,26,97,9.2e-16,86.7
XP_003664091.1,AEO58846.1 GH5_9: Glycoside Hydrolases (GHs) ,100.0,785,0,0,1,785,1,785,0.0,1281.2
XP_003664098.1,CAC9908548.1 CBM48: Carbohydrate-Binding Modules (CBMs) ,40.3,77,46,0,136,212,35,111,0.00023,50.8
XP_003664119.1,AEO58874.1 GH47: Glycoside Hydrolases (GHs) ,100.0,521,0,0,1,521,1,521,0.0,1073.9
XP_003664124.1,SVE69682.1 GT61: GlycosylTransferases (GTs) ,46.8,77,36,2,18,94,487,558,2.7e-09,66.2
XP_003664126.1,AEO58881.1 GH81: Glycoside Hydrolases (GHs) ,100.0,840,0,0,1,840,1,840,0.0,1697.9
XP_003664133.1,QHN73882.1 AA10: Auxiliary Activities (AAs) ,76.2,84,20,0,222,305,13,96,2.9e-30,136.0
XP_003664150.1,AEO58905.1 GH16_18: Glycoside Hydrolases (GHs) ,100.0,387,0,0,1,387,1,387,9.299999999999999e-191,669.5
XP_003664159.1,VDD58900.1 PL1_1: Polysaccharide Lyases (PLs) ,40.7,108,62,2,38,145,551,656,5.4e-19,97.8
XP_003664160.1,EAA58835.1 GH3: Glycoside Hydrolases (GHs) ,40.8,392,203,8,1,372,821,1203,1.6e-67,260.0
XP_003664161.1,AEO58916.1 GH43_14: Glycoside Hydrolases (GHs) ,100.0,589,0,0,1,589,1,589,0.0,1250.7
XP_003664164.1,AEO58919.1 GH43_21: Glycoside Hydrolases (GHs) ,100.0,354,0,0,1,354,1,354,3.9e-212,740.3
XP_003664166.1,AEO58921.1 AA9: Auxiliary Activities (AAs) ,100.0,340,0,0,1,340,1,340,5.3e-182,640.2
XP_003664170.1,AEO58925.1 GT76: GlycosylTransferases (GTs) ,100.0,458,0,0,1,458,1,458,2.7e-261,904.0
XP_003664172.1,AEO58927.1 GH74: Glycoside Hydrolases (GHs) ,100.0,751,0,0,1,751,1,751,0.0,1453.0
XP_003664200.1,AEO58955.1 AA12: Auxiliary Activities (AAs) ,100.0,512,0,0,1,512,1,512,1.7e-293,1011.1
XP_003664205.1,AEO58960.1 GH33: Glycoside Hydrolases (GHs) ,100.0,409,0,0,1,409,1,409,3.1e-245,850.5
XP_003664209.1,VEG34321.1 CE9: Carbohydrate Esterases (CEs) ,44.8,221,119,2,36,256,422,639,6.9e-43,178.3
XP_003664213.1,AEO58968.1 GH3: Glycoside Hydrolases (GHs) ,100.0,927,0,0,1,927,1,927,0.0,1824.7
XP_003664214.1,AEO58969.1 CE9: Carbohydrate Esterases (CEs) ,100.0,511,0,0,1,511,1,511,1.1e-258,895.6
XP_003664221.1,QKD62239.1 GH31: Glycoside Hydrolases (GHs) ,49.1,159,81,0,31,189,103,261,1.7e-39,166.0
XP_003664226.1,QEO24085.1 GH47: Glycoside Hydrolases (GHs) ,58.0,383,156,3,31,412,825,1203,2.2e-129,465.7
XP_003664269.1,QGI69108.1 GH125: Glycoside Hydrolases (GHs) ,43.7,300,157,3,506,805,208,495,4.6e-65,253.4
XP_003664272.1,QKX55728.1 GT76: GlycosylTransferases (GTs) ,48.8,203,88,4,2,204,43,229,5.7e-45,184.5
XP_003664274.1,AEO59029.1 AA2: Auxiliary Activities (AAs) ,100.0,362,0,0,1,362,1,362,2.4e-204,714.5
XP_003664295.1,AEO59050.1 GH92: Glycoside Hydrolases (GHs) ,100.0,766,0,0,1,766,1,766,0.0,1610.9
XP_003664302.1,QCE01877.1 GH36: Glycoside Hydrolases (GHs) ,44.9,370,178,7,95,464,856,1199,4.3e-71,272.3
XP_003664322.1,AEO59077.1 GH55: Glycoside Hydrolases (GHs) ,100.0,763,0,0,1,763,1,763,0.0,1554.7
XP_003664387.1,SMR42136.1 AA0: Auxiliary Activities (AAs) ,45.2,135,73,1,1,135,230,363,3.2e-24,115.2
XP_003664404.1,VBB79804.1 AA1: Auxiliary Activities (AAs) ,58.9,654,243,4,7,639,8,656,3.2e-236,821.2
XP_003664415.1,AEO59170.1 GH27: Glycoside Hydrolases (GHs) ,100.0,428,0,0,1,428,1,428,1.7e-265,917.9
XP_003664417.1,QKX54493.1 GH31: Glycoside Hydrolases (GHs) ,52.3,457,208,4,66,518,564,1014,1e-126,457.2
XP_003664432.1,AEO59187.1 GH2: Glycoside Hydrolases (GHs) ,100.0,897,0,0,1,897,1,897,0.0,1850.1
XP_003664438.1,AEO59193.1 AA8: Auxiliary Activities (AAs) ,100.0,212,0,0,1,212,1,212,9.2e-124,446.0
XP_003664441.1,AEO59196.1 PL4_1: Polysaccharide Lyases (PLs) ,100.0,539,0,0,1,539,1,539,2.9e-307,1057.0
XP_003664443.1,AEO59198.1 GH71: Glycoside Hydrolases (GHs) ,100.0,422,0,0,1,422,1,422,1.3e-259,898.3
XP_003664444.1,EAA31326.1 GH71: Glycoside Hydrolases (GHs) ,76.6,598,133,3,31,626,623,1215,3.1e-268,927.5
XP_003664447.1,QGI94678.1 CE16: Carbohydrate Esterases (CEs) ,43.7,247,132,4,10,251,402,646,2.2e-52,209.1
XP_003664466.1,SMY24715.1 CE16: Carbohydrate Esterases (CEs) ,49.1,173,80,3,8,178,4,170,9.399999999999999e-39,164.5
XP_003664475.1,AHH96680.1 CBM13: Carbohydrate-Binding Modules (CBMs) ,40.8,665,367,13,28,681,45,693,2.2e-126,456.4
XP_003664480.1,AEO59235.1 CBM48: Carbohydrate-Binding Modules (CBMs) ,100.0,712,0,0,1,712,1,712,6.399999999999999e-278,959.9
XP_003664509.1,AEO59264.1 GT1: GlycosylTransferases (GTs) ,100.0,300,0,0,1,300,1,300,6.2e-158,560.1
XP_003664525.1,AAQ38151.1 GH6: Glycoside Hydrolases (GHs) AAQ38151.1: Auxiliary Activities (AAs) ,100.0,395,0,0,1,395,1,395,3.6e-230,800.4
XP_003664541.1,AEO64602.1 AA8: Auxiliary Activities (AAs) ,58.1,74,31,0,8,81,4,77,1.9e-19,98.2
XP_003664543.1,AEO59298.1 AA8: Auxiliary Activities (AAs) ,100.0,787,0,0,1,787,1,787,0.0,1602.8
XP_003664547.1,EGX53608.1 CBM1: Carbohydrate-Binding Modules (CBMs) ,68.8,330,101,2,28,356,89,417,1.3e-122,443.0
XP_003664557.1,AEO59312.1 GT69: GlycosylTransferases (GTs) ,100.0,363,0,0,1,363,1,363,9.6e-214,745.7
XP_003664561.1,AEO59316.1 GT25: GlycosylTransferases (GTs) ,100.0,398,0,0,1,398,1,398,1.1e-234,815.5
XP_003664565.1,AEO59320.1 GH10: Glycoside Hydrolases (GHs) ,100.0,326,0,0,1,326,1,326,2.8e-188,661.0
XP_003664566.1,AEO59321.1 GT0: GlycosylTransferases (GTs) ,100.0,430,0,0,1,430,1,430,4.4e-250,866.7
XP_003664576.1,AEO59331.1 GH105: Glycoside Hydrolases (GHs) ,100.0,392,0,0,1,392,1,392,1.4e-226,788.5
XP_003664579.1,AEO59334.1 PL3_2: Polysaccharide Lyases (PLs) ,100.0,250,0,0,1,250,1,250,4e-142,507.3
XP_003664593.1,VBB86287.1 CBM1: Carbohydrate-Binding Modules (CBMs) ,49.4,342,155,6,8,345,45,372,9.8e-83,310.5
XP_003664606.1,AEO59361.1 GH7: Glycoside Hydrolases (GHs) ,100.0,456,0,0,1,456,1,456,4.2e-267,923.3
XP_003664615.1,AEO59370.1 CE3: Carbohydrate Esterases (CEs) ,100.0,235,0,0,1,235,1,235,3e-131,471.1
XP_003664617.1,AEO59372.1 GT8: GlycosylTransferases (GTs) ,100.0,355,0,0,1,355,1,355,2.8e-210,734.2
XP_003664637.1,AHO16406.1 GH13_11: Glycoside Hydrolases (GHs) ,46.9,369,166,6,67,435,5,343,9.9e-82,307.8
XP_003664651.1,AEO59406.1 GH125: Glycoside Hydrolases (GHs) ,100.0,518,0,0,1,518,1,518,3.3e-292,1006.9
XP_003664652.1,QKX55008.1 GH47: Glycoside Hydrolases (GHs) ,40.4,166,78,4,20,180,172,321,8.4e-21,104.0
XP_003664662.1,AEO59417.1 GH16_3: Glycoside Hydrolases (GHs) ,100.0,285,0,0,1,285,1,285,7.9e-171,602.8
XP_003664669.1,AXO37891.1 CBM2: Carbohydrate-Binding Modules (CBMs) ,41.1,387,204,11,13,386,3,378,2e-55,219.9
XP_003664680.1,AEO59435.1 GH2: Glycoside Hydrolases (GHs) ,100.0,881,0,0,1,881,1,881,0.0,1821.6
XP_003664688.1,QKX55093.1 AA3_2: Auxiliary Activities (AAs) ,62.3,130,49,0,55,184,618,747,1e-38,163.3
XP_003664698.1,QKX56076.1 GH51: Glycoside Hydrolases (GHs) ,40.7,366,189,7,217,578,986,1327,2.9e-55,219.9
XP_003664703.1,EAA29319.1 GH93: Glycoside Hydrolases (GHs) ,74.6,449,111,1,3,448,4,452,6.999999999999999e-198,693.3
XP_003664708.1,AEO59463.1 CBM50: Carbohydrate-Binding Modules (CBMs) ,100.0,215,0,0,1,215,1,215,6.899999999999999e-127,456.4
XP_003664710.1,AEO59465.1 GH18: Glycoside Hydrolases (GHs) CBM50: Carbohydrate-Binding Modules (CBMs) ,100.0,1468,0,0,1,1468,1,1468,0.0,3040.4
XP_003664718.1,AEO59473.1 PL20: Polysaccharide Lyases (PLs) ,100.0,250,0,0,1,250,1,250,2.4e-147,524.6
XP_003664727.1,AEO59482.1 AA9: Auxiliary Activities (AAs) ,100.0,198,0,0,1,198,1,198,1.2e-112,409.1
XP_003664749.1,AEO59504.1 GH145: Glycoside Hydrolases (GHs) ,100.0,451,0,0,1,451,1,451,5.4e-275,949.5
XP_003664753.1,AEO59508.1 GT2: GlycosylTransferases (GTs) ,100.0,589,0,0,1,589,1,589,0.0,1166.8
XP_003664764.1,AEO59519.1 AA8: Auxiliary Activities (AAs) ,100.0,225,0,0,1,225,1,225,1.4e-125,452.2
XP_003664775.1,AEO59530.1 GH75: Glycoside Hydrolases (GHs) ,100.0,497,0,0,1,497,1,497,7.300000000000001e-273,942.6
XP_003664784.1,AEO59539.1 GH11: Glycoside Hydrolases (GHs) ,100.0,223,0,0,1,223,1,223,2.1e-126,454.9
XP_003664799.1,AJK45936.1 GT9: GlycosylTransferases (GTs) ,49.5,103,52,0,19,121,47,149,7e-20,101.3
XP_003664809.1,CAC9914360.1 GT8: GlycosylTransferases (GTs) ,75.3,85,21,0,1,85,1,85,4.6e-29,130.2
XP_003664824.1,AEO59579.1 GH146: Glycoside Hydrolases (GHs) ,100.0,608,0,0,1,608,1,608,0.0,1256.5
XP_003664831.1,VBB86287.1 CBM1: Carbohydrate-Binding Modules (CBMs) ,57.9,337,134,4,4,337,41,372,1.2e-112,409.8
XP_003664847.1,AEO59602.1 CE16: Carbohydrate Esterases (CEs) ,100.0,302,0,0,1,302,1,302,1e-176,622.5
XP_003664849.1,AEO59604.1 GH94: Glycoside Hydrolases (GHs) ,100.0,791,0,0,1,791,1,791,0.0,1611.7
XP_003664853.1,AXL13168.1 GH3: Glycoside Hydrolases (GHs) ,44.8,67,33,2,3,69,154,216,9.1e-06,54.3
XP_003664861.1,AEO59616.1 GT4: GlycosylTransferases (GTs) ,100.0,701,0,0,1,701,1,701,0.0,1434.5
XP_003664866.1,AEO59621.1 GH18: Glycoside Hydrolases (GHs) ,100.0,418,0,0,1,418,1,418,3.1e-216,754.2
XP_003664869.1,QEO20591.1 GT48: GlycosylTransferases (GTs) ,40.6,340,179,9,76,409,20,342,1.5e-50,203.8
XP_003664870.1,ASW55275.1 CBM2: Carbohydrate-Binding Modules (CBMs) ,72.6,175,47,1,24,198,185,358,3.5e-69,264.6
XP_003664909.1,AEO59664.1 PL1_10: Polysaccharide Lyases (PLs) ,100.0,336,0,0,1,336,1,336,4.700000000000001e-199,696.8
XP_003664945.1,AEO59700.1 GT20: GlycosylTransferases (GTs) ,100.0,531,0,0,1,531,1,531,0.0,1070.1
XP_003664948.1,AEO59703.1 GH67: Glycoside Hydrolases (GHs) ,100.0,878,0,0,1,878,1,878,0.0,1708.0
XP_003664953.1,QKX56521.1 GT1: GlycosylTransferases (GTs) ,44.8,460,229,9,23,469,29,476,1.2e-95,354.0
XP_003664968.1,QHN82508.1 GT31: GlycosylTransferases (GTs) ,42.7,89,50,1,658,746,320,407,4.9e-13,81.6
XP_003664979.1,QHN73882.1 AA10: Auxiliary Activities (AAs) ,84.2,76,12,0,1,76,20,95,3.9e-29,131.0
XP_003664980.1,AEO59735.1 GH18: Glycoside Hydrolases (GHs) ,100.0,403,0,0,1,403,1,403,1.7e-243,844.7
XP_003664981.1,AEO59736.1 CE0: Carbohydrate Esterases (CEs) ,100.0,275,0,0,1,275,1,275,6.2e-165,583.2
XP_003665019.1,VBB80999.1 AA0: Auxiliary Activities (AAs) ,56.8,764,264,11,12,741,18,749,7.899999999999999e-247,856.7
XP_003665025.1,QGI67417.1 GH18: Glycoside Hydrolases (GHs) ,64.0,458,164,1,4,461,380,836,4.500000000000001e-164,581.3
XP_003665027.1,CAP68330.1 CBM1: Carbohydrate-Binding Modules (CBMs) ,52.6,323,130,8,30,349,58,360,8.2e-89,330.9
XP_003665041.1,AWO98658.1 GH37: Glycoside Hydrolases (GHs) ,70.2,406,119,2,18,422,67,471,1.1e-165,586.6
XP_003665055.1,VDD01922.1 CBM0: Carbohydrate-Binding Modules (CBMs) ,42.0,226,122,3,1,222,574,794,9.2e-35,152.5
XP_003665056.1,AEO59811.1 GH115: Glycoside Hydrolases (GHs) ,100.0,1076,0,0,1,1076,1,1076,0.0,2199.9
XP_003665058.1,AED84983.1 GH62: Glycoside Hydrolases (GHs) ,100.0,321,0,0,1,321,1,321,6.5e-190,666.4
XP_003665068.1,AEO59823.1 AA9: Auxiliary Activities (AAs) ,100.0,254,0,0,1,254,1,254,9.2e-155,549.3
XP_003665072.1,AEO59827.1 GH114: Glycoside Hydrolases (GHs) ,100.0,355,0,0,1,355,1,355,2.7e-200,701.0
XP_003665079.1,AEO59834.1 GH28: Glycoside Hydrolases (GHs) ,100.0,463,0,0,1,463,1,463,1.4e-273,944.9
XP_003665081.1,AEO59836.1 AA9: Auxiliary Activities (AAs) ,100.0,227,0,0,1,227,1,227,1.3e-131,472.2
XP_003665083.1,AEO59838.1 GH79: Glycoside Hydrolases (GHs) ,100.0,487,0,0,1,487,1,487,1.8e-279,964.5
XP_003665102.1,QKX55728.1 GT76: GlycosylTransferases (GTs) ,45.2,188,97,3,21,208,54,235,4.4e-36,154.8
XP_003665104.1,AEO59859.1 GT25: GlycosylTransferases (GTs) ,100.0,98,0,0,1,98,1,98,6e-54,213.0
XP_003665113.1,AEO59868.1 AA12: Auxiliary Activities (AAs) ,100.0,423,0,0,1,423,1,423,1.5e-247,858.2
XP_003665133.1,EGX51101.1 GH85: Glycoside Hydrolases (GHs) ,45.2,126,66,2,18,143,21,143,3.2e-19,98.2
XP_003665138.1,AEO59893.1 GT48: GlycosylTransferases (GTs) ,100.0,1933,0,0,1,1933,1,1933,0.0,3736.8
XP_003665139.1,BAE54672.1 GH17: Glycoside Hydrolases (GHs) ,55.4,130,44,1,171,286,1,130,9.700000000000001e-34,148.3
XP_003665195.1,QKX56746.1 AA3_2: Auxiliary Activities (AAs) ,48.5,1024,472,16,10,1016,571,1556,1.1e-262,909.8
XP_003665196.1,AEO59951.1 GH3: Glycoside Hydrolases (GHs) ,100.0,103,0,0,1,103,1,103,2e-55,218.0
XP_003665197.1,AEO59952.1 GH3: Glycoside Hydrolases (GHs) ,100.0,83,0,0,1,83,1,83,2.7e-47,190.7
XP_003665200.1,AEO59955.1 AA9: Auxiliary Activities (AAs) ,100.0,235,0,0,1,235,1,235,4.1e-133,477.2
XP_003665204.1,QDS71450.1 GH47: Glycoside Hydrolases (GHs) ,81.0,352,62,2,1,348,1026,1376,6.4e-165,583.9
XP_003665210.1,AEO59965.1 GT71: GlycosylTransferases (GTs) ,100.0,663,0,0,1,663,1,663,0.0,1120.5
XP_003665216.1,AHO16406.1 GH13_11: Glycoside Hydrolases (GHs) ,48.4,353,159,5,34,386,14,343,4.1e-79,298.9
XP_003665218.1,ATY66664.1 GH2: Glycoside Hydrolases (GHs) ,46.1,401,176,10,27,412,1143,1518,1.5e-75,287.0
XP_003665248.1,AEO60003.1 GH47: Glycoside Hydrolases (GHs) ,100.0,898,0,0,1,898,1,898,0.0,1741.9
XP_003665250.1,AEO60005.1 GH5_12: Glycoside Hydrolases (GHs) ,100.0,764,0,0,1,764,1,764,0.0,1609.0
XP_003665258.1,BAC83070.1 GH17: Glycoside Hydrolases (GHs) CBM43: Carbohydrate-Binding Modules (CBMs) ,59.4,143,55,1,4,146,526,665,5.299999999999999e-46,187.2
XP_003665271.1,EAA57680.1 GH79: Glycoside Hydrolases (GHs) ,52.1,463,208,6,2,459,1336,1789,1e-125,453.8
XP_003665280.1,ANW36308.1 AA1: Auxiliary Activities (AAs) ,40.8,228,91,5,14,203,19,240,5.1e-36,154.8
XP_003665298.1,VBB81166.1 AA3: Auxiliary Activities (AAs) ,80.0,50,10,0,1,50,564,613,7e-15,82.4
XP_003665327.1,AMM43059.1 CBM57: Carbohydrate-Binding Modules (CBMs) ,40.8,76,35,3,922,994,784,852,0.00018,52.4
XP_003665338.1,AEO60093.1 GT31: GlycosylTransferases (GTs) ,100.0,539,0,0,1,539,1,539,0.0,1098.6
XP_003665341.1,AEO60096.1 GH76: Glycoside Hydrolases (GHs) ,100.0,470,0,0,1,470,1,470,2.2e-279,964.1
XP_003665350.1,QIW99986.1 AA1_3: Auxiliary Activities (AAs) ,47.0,826,342,18,15,811,578,1336,9.999999999999999e-167,590.9
XP_003665359.1,QKD52171.1 GT31: GlycosylTransferases (GTs) ,57.4,319,128,3,71,389,548,858,9.9e-100,367.1
XP_003665366.1,EAA64118.1 GH15: Glycoside Hydrolases (GHs) CBM20: Carbohydrate-Binding Modules (CBMs) ,49.1,572,238,15,43,605,711,1238,5.6e-153,544.7
XP_003665369.1,QJA08894.1 GH18: Glycoside Hydrolases (GHs) ,51.6,184,81,2,11,194,7,182,4.4e-44,181.4
XP_003665375.1,AEO60130.1 AA3_2: Auxiliary Activities (AAs) ,100.0,611,0,0,1,611,1,611,0.0,1210.7
XP_003665381.1,AEO60136.1 GT50: GlycosylTransferases (GTs) ,100.0,270,0,0,1,270,1,270,1.3e-143,512.3
XP_003665383.1,AXO37891.1 CBM2: Carbohydrate-Binding Modules (CBMs) ,46.0,285,137,10,104,378,61,338,2.9e-44,183.0
XP_003665386.1,SVE69682.1 GT61: GlycosylTransferases (GTs) ,42.6,115,61,2,7,116,486,600,6e-15,85.9
XP_003665388.1,VDD34219.1 GH3: Glycoside Hydrolases (GHs) ,45.2,104,52,3,217,319,842,941,8.5e-18,94.7
XP_003665392.1,QHG77622.1 CBM50: Carbohydrate-Binding Modules (CBMs) ,68.3,221,69,1,35,254,53,273,2e-80,302.4
XP_003665402.1,AEO60157.1 GH18: Glycoside Hydrolases (GHs) ,100.0,391,0,0,1,391,1,391,7.6e-233,809.3
XP_003665424.1,SVE78114.1 GT61: GlycosylTransferases (GTs) ,42.0,88,49,1,19,106,504,589,6.5e-11,72.4
XP_003665431.1,ACI49189.1 GH13_8: Glycoside Hydrolases (GHs) CBM48: Carbohydrate-Binding Modules (CBMs) ,49.3,71,33,1,399,469,1031,1098,9.1e-08,62.0
XP_003665446.1,VDC80439.1 GH28: Glycoside Hydrolases (GHs) ,42.6,108,58,2,245,352,417,520,6.4e-13,78.6
XP_003665484.1,CAC9930688.1 CBM48: Carbohydrate-Binding Modules (CBMs) ,53.3,225,99,4,21,244,431,650,3.5e-58,228.4
XP_003665505.1,AEO60260.1 GT24: GlycosylTransferases (GTs) ,100.0,1488,0,0,1,1488,1,1488,0.0,2944.5
XP_003665513.1,AEO60268.1 GT90: GlycosylTransferases (GTs) ,100.0,605,0,0,1,605,1,605,0.0,1263.1
XP_003665516.1,AEO60271.1 AA9: Auxiliary Activities (AAs) ,100.0,232,0,0,1,232,1,232,1.5e-132,475.3
XP_003665518.1,AEO60273.1 CBM1: Carbohydrate-Binding Modules (CBMs) ,100.0,303,0,0,1,303,1,303,3.9e-152,540.8
XP_003665519.1,AYV31873.1 CE3: Carbohydrate Esterases (CEs) ,57.4,258,85,5,72,307,60,314,2.9e-78,295.4
XP_003665522.1,QGI94678.1 CE16: Carbohydrate Esterases (CEs) ,48.8,283,124,3,1,264,358,638,1.4e-81,306.2
XP_003665539.1,AEO60294.1 GT1: GlycosylTransferases (GTs) ,100.0,1528,0,0,1,1528,1,1528,0.0,3023.0
XP_003665554.1,QDS70620.1 GT0: GlycosylTransferases (GTs) ,40.3,340,177,9,18,345,785,1110,3.1e-52,209.1
XP_003665555.1,AEO60310.1 GH2: Glycoside Hydrolases (GHs) ,100.0,907,0,0,1,907,1,907,0.0,1863.2
XP_003665565.1,ANH56445.1 GH36: Glycoside Hydrolases (GHs) ,61.7,345,129,3,3,347,4,345,6.2e-117,424.1
XP_003665583.1,ANM86449.1 AA3_2: Auxiliary Activities (AAs) ,51.0,98,47,1,28,124,147,244,1.9e-22,109.4
XP_003665591.1,AEO60346.1 GH55: Glycoside Hydrolases (GHs) ,100.0,767,0,0,1,767,1,767,0.0,1572.8
XP_003665609.1,QKX55064.1 GT20: GlycosylTransferases (GTs) ,54.9,195,83,2,2,196,482,671,1.4e-49,199.5
XP_003665616.1,AEO60371.1 GT20: GlycosylTransferases (GTs) ,100.0,1038,0,0,1,1038,1,1038,0.0,2088.5
XP_003665618.1,QGI80868.1 GH18: Glycoside Hydrolases (GHs) ,52.2,186,80,3,15,195,279,460,7.4e-49,197.2
XP_003665630.1,AEO60385.1 GH11: Glycoside Hydrolases (GHs) ,100.0,84,0,0,1,84,1,84,7.8e-42,172.6
XP_003665631.1,AEO60386.1 GH11: Glycoside Hydrolases (GHs) ,100.0,146,0,0,1,146,1,146,1.2e-82,308.9
XP_003665634.1,AEO60389.1 GH16_3: Glycoside Hydrolases (GHs) ,100.0,269,0,0,1,269,1,269,3.1e-161,570.9
XP_003665664.1,VBB86287.1 CBM1: Carbohydrate-Binding Modules (CBMs) ,53.3,334,138,6,4,327,43,368,1.7e-92,342.8
XP_003665669.1,AEO60424.1 AA16: Auxiliary Activities (AAs) ,100.0,295,0,0,1,295,1,295,4.8e-131,470.7
XP_003665688.1,AEO60443.1 GT2: GlycosylTransferases (GTs) ,100.0,584,0,0,1,584,1,584,0.0,1180.6
XP_003665689.1,AEO60444.1 GT31: GlycosylTransferases (GTs) ,100.0,494,0,0,1,494,1,494,8e-304,1045.4
XP_003665690.1,AEO60445.1 GH93: Glycoside Hydrolases (GHs) ,100.0,424,0,0,1,424,1,424,1.5e-237,825.1
XP_003665698.1,QBZ55844.1 GH2: Glycoside Hydrolases (GHs) ,47.1,189,74,4,3,190,1091,1254,6.299999999999999e-31,137.5
XP_003665702.1,AEO60457.1 GH10: Glycoside Hydrolases (GHs) CBM1: Carbohydrate-Binding Modules (CBMs) ,100.0,413,0,0,1,413,1,413,6.999999999999999e-229,796.2
XP_003665703.1,BAJ33225.1 CBM12: Carbohydrate-Binding Modules (CBMs) ,40.4,208,104,4,248,437,691,896,1.1e-29,134.8
XP_003665705.1,AEO60460.1 CE5: Carbohydrate Esterases (CEs) CBM1: Carbohydrate-Binding Modules (CBMs) ,100.0,314,0,0,1,314,1,314,3.8e-182,640.6
XP_003665709.1,AEO60464.1 CE15: Carbohydrate Esterases (CEs) ,100.0,397,0,0,1,397,1,397,6.1e-230,799.7
XP_003665710.1,AEO60465.1 CE15: Carbohydrate Esterases (CEs) ,100.0,417,0,0,1,417,1,417,1.1e-245,852.0
XP_003665721.1,AEN99939.1 GH3: Glycoside Hydrolases (GHs) ,100.0,308,0,0,1,308,799,1106,1.4e-168,595.5
XP_003665722.1,AEO60477.1 GH3: Glycoside Hydrolases (GHs) ,100.0,777,0,0,1,777,1,777,0.0,1530.4
XP_003665723.1,AEO60478.1 GH31: Glycoside Hydrolases (GHs) ,100.0,766,0,0,1,766,1,766,0.0,1593.6
XP_003665735.1,ALI93560.1 GH18: Glycoside Hydrolases (GHs) ,56.1,378,158,5,1,374,403,776,9.9e-113,410.2
XP_003665747.1,AEO67939.1 CBM1: Carbohydrate-Binding Modules (CBMs) ,76.0,233,56,0,3,235,5,237,1.9e-106,388.7
XP_003665764.1,AEO60519.1 GT2: GlycosylTransferases (GTs) ,100.0,999,0,0,1,999,1,999,0.0,2017.3
XP_003665776.1,AEO60531.1 GH3: Glycoside Hydrolases (GHs) ,100.0,835,0,0,1,835,1,835,0.0,1630.2
XP_003665777.1,AEO60532.1 GH12: Glycoside Hydrolases (GHs) ,100.0,247,0,0,1,247,1,247,7.4e-141,503.1
XP_003665786.1,QGI69108.1 GH125: Glycoside Hydrolases (GHs) ,74.0,503,120,6,1,498,1,497,1.4e-210,735.7
XP_003665799.1,AEO60554.1 GT35: GlycosylTransferases (GTs) ,100.0,741,0,0,1,741,1,741,0.0,1513.8
XP_003665838.1,AEO60593.1 GH76: Glycoside Hydrolases (GHs) ,100.0,363,0,0,1,363,1,363,4.500000000000001e-211,736.9
XP_003665907.1,AEO60662.1 GH76: Glycoside Hydrolases (GHs) ,100.0,424,0,0,1,424,1,424,1.1e-253,878.6
XP_003665909.1,AEO60664.1 CE16: Carbohydrate Esterases (CEs) ,100.0,343,0,0,1,343,1,343,3.5e-205,717.2
XP_003665938.1,QGI94678.1 CE16: Carbohydrate Esterases (CEs) ,43.4,320,174,5,26,340,330,647,2.2e-71,272.7
XP_003665977.1,AEO60732.1 GT59: GlycosylTransferases (GTs) ,100.0,551,0,0,1,551,1,551,0.0,1093.6
XP_003665978.1,XP_327614.1 GT59: GlycosylTransferases (GTs) ,56.2,89,37,2,3,90,2,89,1.2e-19,99.0
XP_003665983.1,AEO60738.1 CBM18: Carbohydrate-Binding Modules (CBMs) ,100.0,128,0,0,1,128,1,128,5.3e-66,253.4
XP_003665992.1,QBQ55156.1 CBM50: Carbohydrate-Binding Modules (CBMs) ,41.1,73,42,1,875,947,572,643,5.7e-06,57.4
XP_003666007.1,AEO60762.1 CE8: Carbohydrate Esterases (CEs) ,100.0,336,0,0,1,336,1,336,5.6e-184,646.7
XP_003666008.1,AEO60763.1 GH16_3: Glycoside Hydrolases (GHs) ,100.0,280,0,0,1,280,1,280,6.3e-173,609.8
XP_003666010.1,ART70209.1 CBM50: Carbohydrate-Binding Modules (CBMs) ,44.2,43,23,1,310,352,412,453,0.00038,49.7
XP_003666029.1,CCA72155.1 AA7: Auxiliary Activities (AAs) ,40.1,147,82,1,141,281,132,278,5.7e-21,105.9
XP_003666049.1,QKD52612.1 GT58: GlycosylTransferases (GTs) ,62.5,352,129,3,3,352,4,354,7.299999999999999e-129,463.8
XP_003666050.1,AEO60805.1 GT58: GlycosylTransferases (GTs) ,100.0,446,0,0,1,446,1,446,3.4e-253,877.1
XP_003666056.1,AEO60811.1 GT15: GlycosylTransferases (GTs) ,100.0,417,0,0,1,417,1,417,6.8e-256,885.9
XP_003666068.1,CCA66590.1 AA5_1: Auxiliary Activities (AAs) ,42.0,88,43,1,253,340,59,138,4.6e-11,72.4
XP_003666080.1,QHO46828.1 GH38: Glycoside Hydrolases (GHs) ,50.0,52,26,0,85,136,225,276,8.7e-09,64.7
XP_003666123.1,SVE86862.1 GT8: GlycosylTransferases (GTs) ,59.5,42,17,0,390,431,82,123,9.6e-08,62.0
XP_003666142.1,AEO60897.1 GH5_7: Glycoside Hydrolases (GHs) ,100.0,370,0,0,1,370,1,370,2.6e-222,774.2
XP_003666146.1,AEO60901.1 GT32: GlycosylTransferases (GTs) ,100.0,392,0,0,1,392,1,392,3.5e-232,807.4
XP_003666149.1,AEO60904.1 GT69: GlycosylTransferases (GTs) ,100.0,430,0,0,1,430,1,430,1e-238,828.9
XP_003666154.1,AEO60909.1 GH75: Glycoside Hydrolases (GHs) ,100.0,312,0,0,1,312,1,312,6.8e-168,593.2
XP_003666166.1,AEO60921.1 GT22: GlycosylTransferases (GTs) ,100.0,613,0,0,1,613,1,613,0.0,1250.3
XP_003666179.1,AEO60934.1 GH62: Glycoside Hydrolases (GHs) CBM1: Carbohydrate-Binding Modules (CBMs) ,100.0,374,0,0,1,374,1,374,3.5e-211,737.3
XP_003666186.1,QKD62511.1 AA11: Auxiliary Activities (AAs) ,49.5,103,43,2,83,178,329,429,2.8e-20,102.1
XP_003666206.1,QDK56798.1 GH28: Glycoside Hydrolases (GHs) ,50.0,156,71,3,9,161,126,277,1.4e-34,149.4
XP_003666214.1,AEO60969.1 CE3: Carbohydrate Esterases (CEs) ,100.0,300,0,0,1,300,1,300,7.000000000000001e-162,573.2
XP_003666259.1,AEO61014.1 GT2: GlycosylTransferases (GTs) ,100.0,357,0,0,1,357,1,357,1.2e-211,738.8
XP_003666269.1,CAZ29389.1 GH99: Glycoside Hydrolases (GHs) ,52.5,183,82,2,11,188,8,190,4.6e-45,184.5
XP_003666273.1,AEO61028.1 CBM13: Carbohydrate-Binding Modules (CBMs) ,100.0,169,0,0,1,169,1,169,2.8e-91,337.8
XP_003666292.1,AEO61047.1 GH47: Glycoside Hydrolases (GHs) ,100.0,601,0,0,1,601,1,601,0.0,1211.8
XP_003666298.1,AEO61053.1 GH72: Glycoside Hydrolases (GHs) ,100.0,460,0,0,1,460,1,460,1.1e-257,892.1
XP_003666310.1,AEO61065.1 GT39: GlycosylTransferases (GTs) ,100.0,972,0,0,1,972,1,972,0.0,1936.0
XP_003666322.1,AEO61077.1 GH43_1: Glycoside Hydrolases (GHs) ,100.0,327,0,0,1,327,1,327,7.9e-199,696.0
XP_003666339.1,AEP33616.1 CE1: Carbohydrate Esterases (CEs) ,100.0,279,0,0,1,279,1,279,1.7e-162,575.1
XP_003666351.1,AEO61106.1 AA8: Auxiliary Activities (AAs) ,100.0,230,0,0,1,230,1,230,1.7e-131,471.9
XP_003666371.1,AEO61126.1 AA3_3: Auxiliary Activities (AAs) ,100.0,659,0,0,1,659,1,659,0.0,1360.9
XP_003666391.1,BAF20066.1 GT47: GlycosylTransferases (GTs) ,70.4,27,8,0,33,59,495,521,0.00035,47.0
XP_003666396.1,CAP67203.1 CE12: Carbohydrate Esterases (CEs) ,49.0,361,152,11,7,347,369,717,1.4e-79,300.1
XP_003666398.1,AEO61153.1 CE12: Carbohydrate Esterases (CEs) ,100.0,263,0,0,1,263,1,263,3e-148,527.7
XP_003666412.1,AEO61167.1 CE12: Carbohydrate Esterases (CEs) ,100.0,227,0,0,1,227,1,227,1.4e-122,442.2
XP_003666430.1,QDF21478.1 AA1: Auxiliary Activities (AAs) ,79.2,614,125,3,1,612,1,613,1.3e-306,1055.0
XP_003666436.1,AEO61191.1 GH18: Glycoside Hydrolases (GHs) ,100.0,176,0,0,1,176,1,176,5.9e-100,366.7
XP_003666437.1,QGA14465.1 CBM50: Carbohydrate-Binding Modules (CBMs) ,48.4,95,35,2,88,171,298,389,2.1e-17,92.8
XP_003666442.1,AEO61197.1 GT0: GlycosylTransferases (GTs) ,100.0,886,0,0,1,886,1,886,0.0,1749.2
XP_003666443.1,AEO61198.1 GH16_4: Glycoside Hydrolases (GHs) ,100.0,485,0,0,1,485,1,485,4.6e-296,1019.6
XP_003666447.1,AEO61202.1 CE8: Carbohydrate Esterases (CEs) ,100.0,331,0,0,1,331,1,331,2.7e-186,654.4
XP_003666448.1,AEO61203.1 PL1: Polysaccharide Lyases (PLs) ,100.0,311,0,0,1,311,1,311,3.2e-181,637.5
XP_003666452.1,QDS75746.1 GH0: Glycoside Hydrolases (GHs) ,63.2,76,27,1,110,184,601,676,1.8e-17,93.2
XP_003666454.1,AEO61209.1 GH55: Glycoside Hydrolases (GHs) ,100.0,777,0,0,1,777,1,777,0.0,1591.6
XP_003666466.1,QGI83664.1 GT90: GlycosylTransferases (GTs) ,45.0,169,89,4,22,188,960,1126,3.5e-34,148.3
XP_003666470.1,AEO61225.1 GH71: Glycoside Hydrolases (GHs) CBM24: Carbohydrate-Binding Modules (CBMs) ,100.0,629,0,0,1,629,1,629,0.0,1159.8
XP_003666472.1,AEO61227.1 GH16_18: Glycoside Hydrolases (GHs) ,100.0,559,0,0,1,559,1,559,9.000000000000001e-304,1045.4
XP_003666487.1,AEO61242.1 CBM18: Carbohydrate-Binding Modules (CBMs) ,100.0,322,0,0,1,322,1,322,3.1e-155,551.2
XP_003666491.1,AEO61246.1 GH3: Glycoside Hydrolases (GHs) ,100.0,968,0,0,1,968,1,968,0.0,1980.7
XP_003666502.1,AEO61257.1 AA9: Auxiliary Activities (AAs) ,100.0,241,0,0,1,241,1,241,3.7e-145,517.3
XP_003666506.1,AEO61261.1 AA16: Auxiliary Activities (AAs) ,100.0,203,0,0,1,203,1,203,2.5e-118,427.9
XP_003666507.1,AEO61262.1 GH7: Glycoside Hydrolases (GHs) ,100.0,450,0,0,1,450,1,450,8.399999999999999e-276,952.2
XP_003666508.1,VBB83559.1 AA3: Auxiliary Activities (AAs) ,67.2,664,209,1,6,660,8,671,1.2e-267,925.6
XP_003666530.1,CAP68330.1 CBM1: Carbohydrate-Binding Modules (CBMs) ,43.2,347,176,10,1,342,37,367,4.6e-72,275.0
XP_003666532.1,VUW72999.1 AA1: Auxiliary Activities (AAs) ,42.3,253,142,3,131,380,193,444,6.3e-46,188.3
XP_003666540.1,QKX53119.1 GH72: Glycoside Hydrolases (GHs) ,60.7,595,212,5,1,579,1,589,2.1e-204,715.7
XP_003666548.1,AEO61303.1 AA3_1: Auxiliary Activities (AAs) ,100.0,524,0,0,1,524,1,524,0.0,1079.3
XP_003666549.1,AKO82493.1 AA9: Auxiliary Activities (AAs) ,100.0,225,0,0,1,225,1,225,2.8e-131,471.1
XP_003666550.1,AEO61305.1 AA9: Auxiliary Activities (AAs) ,100.0,230,0,0,1,230,1,230,1.9e-130,468.4
XP_003666565.1,CUI24525.1 GH19: Glycoside Hydrolases (GHs) ,54.2,286,121,4,1,280,15,296,5.4e-74,282.3
XP_003666568.1,EAA63677.1 GH95: Glycoside Hydrolases (GHs) ,51.0,480,203,8,73,537,1216,1678,1.7e-121,439.9
XP_003666620.1,AEO61375.1 GT4: GlycosylTransferases (GTs) ,100.0,502,0,0,1,502,1,502,2.2e-272,941.0
XP_003666624.1,QDS74481.1 CBM12: Carbohydrate-Binding Modules (CBMs) ,58.2,617,212,9,10,596,7,607,2.9e-196,688.7
XP_003666688.1,QKD58853.1 GH18: Glycoside Hydrolases (GHs) ,40.3,414,229,7,4,402,396,806,2.2e-69,266.9
XP_003666705.1,CEF62298.1 GT4: GlycosylTransferases (GTs) CEF62298.1: Carbohydrate Esterases (CEs) ,43.0,228,120,3,5,231,4,222,3.3e-45,185.3
XP_003666710.1,QKX54406.1 GH92: Glycoside Hydrolases (GHs) ,46.5,99,50,1,21,119,46,141,1.4e-16,89.4
XP_003666721.1,QKX55675.1 GT34: GlycosylTransferases (GTs) ,43.8,304,160,7,16,316,13,308,9e-59,230.7
XP_003666730.1,AEO61485.1 GT1: GlycosylTransferases (GTs) ,100.0,301,0,0,1,301,1,301,8.100000000000001e-174,612.8
XP_003666743.1,VUW72999.1 AA1: Auxiliary Activities (AAs) ,43.0,451,230,11,239,674,190,628,4e-89,332.8
XP_003666820.1,QCD77328.1 GH36: Glycoside Hydrolases (GHs) ,55.2,154,69,0,19,172,747,900,6.3e-40,167.5
XP_003666826.1,QKD59433.1 GT64: GlycosylTransferases (GTs) ,66.4,223,66,3,5,227,314,527,3e-72,275.0
XP_003666828.1,AEO61583.1 GH15: Glycoside Hydrolases (GHs) CBM20: Carbohydrate-Binding Modules (CBMs) ,100.0,628,0,0,1,628,1,628,0.0,1259.2
XP_003666832.1,QKX62425.1 GH31: Glycoside Hydrolases (GHs) ,59.8,323,127,2,1,322,769,1089,2.1e-106,389.0
XP_003666853.1,QKD61679.1 GH145: Glycoside Hydrolases (GHs) ,40.9,352,161,9,8,348,493,808,6e-59,231.5
XP_003666898.1,VUW72999.1 AA1: Auxiliary Activities (AAs) ,41.4,174,98,1,490,659,200,373,5.500000000000001e-28,129.8
XP_003666917.1,AEO61672.1 GH43_36: Glycoside Hydrolases (GHs) ,100.0,513,0,0,1,513,1,513,5.5e-308,1059.3
XP_003666946.1,QCD77328.1 GH36: Glycoside Hydrolases (GHs) ,46.3,160,86,0,18,177,747,906,1.8e-36,156.0
XP_003666967.1,SMR52966.1 CE16: Carbohydrate Esterases (CEs) ,44.7,152,74,3,10,157,21,166,2.4e-26,122.1
XP_003666979.1,AVI60826.1 GT22: GlycosylTransferases (GTs) ,86.9,426,55,1,11,435,583,1008,1.5e-216,755.4
XP_003667008.1,AEO61763.1 GH0: Glycoside Hydrolases (GHs) ,100.0,1052,0,0,1,1052,1,1052,0.0,2234.5
XP_003667023.1,AEO61778.1 GH3: Glycoside Hydrolases (GHs) ,100.0,356,0,0,1,356,1,356,4e-196,687.2
XP_003667044.1,AEO61799.1 CE1: Carbohydrate Esterases (CEs) ,100.0,254,0,0,1,254,1,254,4.4e-141,503.8
XP_003667046.1,AEO61801.1 GH13_8: Glycoside Hydrolases (GHs) CBM48: Carbohydrate-Binding Modules (CBMs) ,100.0,703,0,0,1,703,1,703,0.0,1468.8
XP_003667051.1,VUW59753.1 GT106: GlycosylTransferases (GTs) ,46.0,87,46,1,838,924,191,276,2.6e-12,78.2
XP_003667060.1,XP_367690.1 GH20: Glycoside Hydrolases (GHs) ,49.7,296,144,3,18,308,807,1102,1.1e-74,283.5
XP_003667082.1,QKX59775.1 CBM21: Carbohydrate-Binding Modules (CBMs) ,97.8,92,2,0,1,92,628,719,4.499999999999999e-43,176.8
XP_003667109.1,AEO61864.1 GT39: GlycosylTransferases (GTs) ,100.0,744,0,0,1,744,1,744,0.0,1559.3
XP_003667134.1,VWO98775.1 GT1: GlycosylTransferases (GTs) ,54.4,79,32,1,46,120,248,326,5.8e-16,88.6
XP_003667138.1,AEO61893.1 GH128: Glycoside Hydrolases (GHs) ,100.0,392,0,0,1,392,1,392,2.5e-191,671.4
XP_003667170.1,CEF62298.1 GT4: GlycosylTransferases (GTs) CEF62298.1: Carbohydrate Esterases (CEs) ,53.3,180,82,1,8,187,9,186,1.3e-47,193.0
XP_003667188.1,AEO61943.1 GT34: GlycosylTransferases (GTs) ,100.0,315,0,0,1,315,1,315,9e-184,646.0
XP_003667196.1,VDC96437.1 GH16_20: Glycoside Hydrolases (GHs) ,48.8,211,102,4,3,209,1,209,2.3e-45,185.7
XP_003667210.1,AEO61965.1 GH72: Glycoside Hydrolases (GHs) ,100.0,483,0,0,1,483,1,483,1.5e-275,951.4
XP_003667219.1,AEO61974.1 GT4: GlycosylTransferases (GTs) ,100.0,578,0,0,1,578,1,578,0.0,1154.0
XP_003667233.1,QKD58879.1 GH43_11: Glycoside Hydrolases (GHs) ,40.2,107,53,4,306,401,202,308,6.6e-08,63.2
XP_003667236.1,AEO61991.1 AA11: Auxiliary Activities (AAs) ,100.0,418,0,0,1,418,1,418,9.4e-205,716.1
XP_003667242.1,CAL54622.1 GH2: Glycoside Hydrolases (GHs) ,62.3,199,65,3,158,353,1161,1352,9.4e-65,250.8
XP_003667251.1,AEO62006.1 GT90: GlycosylTransferases (GTs) ,100.0,899,0,0,1,899,1,899,0.0,1689.1
XP_003667253.1,AEP33618.1 CE1: Carbohydrate Esterases (CEs) ,100.0,291,0,0,1,291,1,291,1.8e-170,601.7
XP_003667267.1,AEO62022.1 GH24: Glycoside Hydrolases (GHs) ,100.0,266,0,0,1,266,1,266,5e-151,537.0
XP_003667268.1,AEO62022.1 GH24: Glycoside Hydrolases (GHs) ,72.6,113,26,2,1,113,1,108,2.3e-38,162.5
XP_003667288.1,VDC86155.1 GT95: GlycosylTransferases (GTs) ,76.0,304,72,1,11,314,74,376,3.7e-129,464.5
XP_003667293.1,AEO62048.1 GT4: GlycosylTransferases (GTs) ,100.0,486,0,0,1,486,1,486,4.5e-283,976.5
XP_003667299.1,AEO62054.1 GH11: Glycoside Hydrolases (GHs) ,100.0,218,0,0,1,218,1,218,3.1e-127,457.6
XP_003667316.1,AJQ92574.1 CBM13: Carbohydrate-Binding Modules (CBMs) ,40.5,454,222,11,24,473,23,432,4.1e-79,298.9
XP_003667321.1,AEO62076.1 GH131: Glycoside Hydrolases (GHs) CBM1: Carbohydrate-Binding Modules (CBMs) ,100.0,348,0,0,1,348,1,348,1.1e-190,669.1
XP_003667354.1,QIS75447.1 CBM12: Carbohydrate-Binding Modules (CBMs) ,40.5,220,116,4,243,460,701,907,2e-31,140.6
XP_003667358.1,AEO62113.1 GH55: Glycoside Hydrolases (GHs) ,100.0,131,0,0,1,131,1,131,1.9e-71,271.6
XP_003667369.1,AEO62124.1 GH27: Glycoside Hydrolases (GHs) ,100.0,416,0,0,1,416,1,416,2.3e-256,887.5
XP_003667383.1,AEO62138.1 GH47: Glycoside Hydrolases (GHs) ,100.0,632,0,0,1,632,1,632,0.0,1255.0
XP_003667394.1,BBN14963.1 CBM20: Carbohydrate-Binding Modules (CBMs) ,45.7,398,201,7,13,403,394,783,1.7e-95,353.2
XP_003667406.1,AEO62161.1 GH5_7: Glycoside Hydrolases (GHs) ,100.0,410,0,0,1,410,1,410,3.6e-249,863.6
XP_003667407.1,AEO62162.1 AA13: Auxiliary Activities (AAs) ,100.0,254,0,0,1,254,1,254,7.1e-155,549.7
